"","Cash Value","Store credit","","","","","","","","","","","","","","","","","","","","","","",""
".HACK // G.U. LAST RECODE","RM30","40","","Any game that is the Chinese or Japanese version will have RM20 deducted from its trade-in price.","","","","","","","","","","","","","","8,000","","","","","","",""
"1-2 SWITCH","RM60","80","","","","","","","","","","","","","","","","7,000","","","","","","",""
"13 SENTINELS: AEGIS RIM","RM40","55","","Any game that doesn't have game case will have RM15 deducted from its trade-in price","","","","","","","","","","","","","","13,000","","","","","","",""
"1971 PROJECT HELIOS","RM25","35","","","","","","","","","","","","","","","","1,000","","","","","","",""
"30 IN 1 GAME COLLECTION","RM35","50","","","","","","","","","","","","","","","","10,000","","","","","","",""
"3D MINI GOLF","RM30","40","","Can't find your old games trade-in price here? ","","","","","","","","","","","","","","","","","","","","",""
"60 IN 1 GAME COLLECTION","RM30","40","","Contact us via email or whatsapp to get a quote, we accept all PS4, PS5, and Nintendo Switch Games!","","","","","","","","","","","","","","","","","","","","",""
"88 HEROES 98 HEROES EDITION","RM15","20","","whatsapp - ","011-54196680","","","","","","","","","","","","","2,000","","","","","","",""
"A HAT IN TIME","RM30","40","","email - ","care@g-h.store","","","","","","","","","","","","","3,000","","","","","","",""
"ABYSS OF THE SACRIFICE","RM5","10","","","","","","","","","","","","","","","","3,000","","","","","","",""
"ACE ANGLER FISHING SPIRITS","RM45","60","","","","","","","","","","","","","","","","","","","","","","",""
"ACE COMBAT 7","RM45","60","","","","","","","","","","","","","","","","","","","","","","",""
"ACES OF THE LUFTWAFFE : SQUADRON","RM15","20","","","","","","","","","","","","","","","","1,000","","","","","","",""
"ADAM'S VENTURE : ORIGINS","RM25","35","","","","","","","","","","","","","","","","15,000","","","","","","",""
"ADVANCE WARS 1+2: REBOOT CAMP","RM45","60","","","","","","","","","","","","","","","","7,000","","","","","","",""
"ADVENT CALENDAR","RM5","10","","","","","","","","","","","","","","","","2,000","","","","","","",""
"ADVENTURE ACADEMIA : THE FRACTURED CONTINENT","RM45","60","","","","","","","","","","","","","","","","6,000","","","","","","",""
"ADVENTURE TIME PIRATE OF THE ENCHIRIDION","RM30","40","","","","","","","","","","","","","","","","3,000","","","","","","",""
"AEW FIGHT FOREVER","RM30","40","","","","","","","","","","","","","","","","","","","","","","",""
"AGATHA CHRISTIE: THE ABC MURDERS","RM50","70","","","","","","","","","","","","","","","","10,000","","","","","","",""
"AGATHA CHRISTIE - HERCULE POIROT: THE FIRST CASES","RM25","35","","","","","","","","","","","","","","","","","","","","","","",""
"AI THE SOMNIUM FILES","RM35","50","","","","","","","","","","","","","","","","","","","","","","",""
"AI THE SOMNIUM FILES: NIRVANA INITIATIVE","RM40","55","","","","","","","","","","","","","","","","500","","","","","","",""
"AIR MISSION : HIND","RM5","10","","","","","","","","","","","","","","","","","","","","","","",""
"AKETE ONEGAI","RM5","10","","","","","","","","","","","","","","","","","","","","","","",""
"AKIBA'S TRIP: HELLBOUND & DEBRIEFED","RM30","40","","","","","","","","","","","","","","","","","","","","","","",""
"ALLIANCE ALIVE HD REMASTERED","RM20","30","","","","","","","","","","","","","","","","10,000","","","","","","",""
"AMAIRO CHOCOLATE","RM5","10","","","","","","","","","","","","","","","","","","","","","","",""
"AMERICAN NINJA WARRIOR : CHALLENGE","RM5","10","","","","","","","","","","","","","","","","4,000","","","","","","",""
"AMNESIA : LATER X CROWD","RM35","50","","","","","","","","","","","","","","","","4,000","","","","","","",""
"AMONG THE SLEEP ENHANCED EDITION","RM30","40","","","","","","","","","","","","","","","","7,000","","","","","","",""
"AMONG US CREWMATE EDITION","RM35","50","","","","","","","","","","","","","","","","7,000","","","","","","",""
"ANCESTORS LEGACY ","RM15","20","","","","","","","","","","","","","","","","18,000","","","","","","",""
"ANDRO DUNOS II","RM45","60","","","","","","","","","","","","","","","","","","","","","","",""
"ANGRY ALLIGATOR","RM30","40","","","","","","","","","","","","","","","","4,000","","","","","","",""
"ANIMA GATE OF MEMORIES","RM20","30","","","","","","","","","","","","","","","","5,000","","","","","","",""
"ANIMAL CROSSING NEW HORIZONS","RM100","135","","","","","","","","","","","","","","","","1,000","","","","","","",""
"ANOTHER CODE RECOLLECTION","RM35","50","","","","","","","","","","","","","","","","","","","","","","",""
"AO TENNIS 2","RM30","40","","","","","","","","","","","","","","","","1,000","","","","","","",""
"AOKANA : FOUR RHYTHMS ACROSS THE BLUE","RM20","30","","","","","","","","","","","","","","","","4,000","","","","","","",""
"APOLLO JUSTICE: ACE ATTORNEY TRILOGY","RM50","70","","","","","","","","","","","","","","","","3,000","","","","","","",""
"APSULOV: END OF GODS","RM5","10","","","","","","","","","","","","","","","","","","","","","","",""
"AQUA MOTO RACING UTOPIA","RM30","40","","","","","","","","","","","","","","","","","","","","","","",""
"ARAGAMI : SHADOW EDITION","RM25","35","","","","","","","","","","","","","","","","3,000","","","","","","",""
"ARCADE SPIRITS","RM15","20","","","","","","","","","","","","","","","","2,000","","","","","","",""
"ARE YOU SMARTER THAN A 5TH GRADER?","RM15","20","","","","","","","","","","","","","","","","1,000","","","","","","",""
"ARIA CHRONICLE","RM5","10","","","","","","","","","","","","","","","","","","","","","","",""
"ARK : SURVIVAL EVOLVED","RM35","50","","","","","","","","","","","","","","","","8,000","","","","","","",""
"ARMS","RM35","50","","","","","","","","","","","","","","","","15,000","","","","","","",""
"ARY AND THE SECRET SEASONS","RM15","20","","","","","","","","","","","","","","","","2,000","","","","","","",""
"ASSASSIN'S CREED 3 REMASTERED","RM25","35","","","","","","","","","","","","","","","","2,000","","","","","","",""
"ASSASSIN'S CREED THE REBEL COLLECTION","RM35","50","","","","","","","","","","","","","","","","5,000","","","","","","",""
"ASSASSINS'S CREED EZIO COLLECTION","RM5","10","","","","","","","","","","","","","","","","2,000","","","","","","",""
"ASTERIX & OBELIX XXL3: THE CRYSTAL MENHIR","RM5","10","","","","","","","","","","","","","","","","2,000","","","","","","",""
"ASTRAL CHAIN","RM60","80","","","","","","","","","","","","","","","","2,000","","","","","","",""
"ASTRIA ASCENDING","RM20","30","","","","","","","","","","","","","","","","2,000","","","","","","",""
"ASTRONEER","RM30","40","","","","","","","","","","","","","","","","1,000","","","","","","",""
"ATARI 50 : THE ANNIVERSARY CELEBRATION","RM20","30","","","","","","","","","","","","","","","","6,000","","","","","","",""
"ATARI FLASHBACK CLASSICS SWITCH","RM20","30","","","","","","","","","","","","","","","","6,000","","","","","","",""
"ATELIER LULUA THE SCION OF ARLAND","RM45","60","","","","","","","","","","","","","","","","3,000","","","","","","",""
"ATELIER LYDIE & SUELLE","RM25","35","","","","","","","","","","","","","","","","2,000","","","","","","",""
"ATELIER MARIE REMAKE: THE ALCHEMIST OF SALBURG","RM55","75","","","","","","","","","","","","","","","","","","","","","","",""
"ATELIER RYZA 2 LOST LEGENDS & THE SECRET FAIRY","RM25","35","","","","","","","","","","","","","","","","","","","","","","",""
"ATELIER RYZA 3: ALCHEMIST OF THE END & THE SECRET KEY","RM55","75","","","","","","","","","","","","","","","","3,000","","","","","","",""
"ATELIER RYZA EVER DARKNESS & THE SECRET HIDEOUT","RM45","60","","","","","","","","","","","","","","","","2,000","","","","","","",""
"ATELIER SOPHIE 2 : THE ALCHEMIST OF THE MYSTERIOUS DREAM","RM55","75","","","","","","","","","","","","","","","","2,000","","","","","","",""
"ATELIER DUSK TRILOGY","RM100","135","","","","","","","","","","","","","","","","","","","","","","",""
"ATELIER MYSTERIOUS TRILOGY","RM105","140","","","","","","","","","","","","","","","","6,000","","","","","","",""
"ATELIER YUMIA","RM65","90","","","","","","","","","","","","","","","","","","","","","","",""
"ATTACK ON TITAN 2","RM50","70","","","","","","","","","","","","","","","","5,000","","","","","","",""
"ATTACK ON TITAN 2 FINAL BATTLE","RM75","100","","","","","","","","","","","","","","","","3,000","","","","","","",""
"ATV DRIFT AND TRICKS","RM25","35","","","","","","","","","","","","","","","","3,000","","","","","","",""
"AVATAR THE LAST AIRBENDER","RM45","60","","","","","","","","","","","","","","","","","","","","","","",""
"AVICII INVECTOR ENCORE","RM20","30","","","","","","","","","","","","","","","","6,000","","","","","","",""
"AXIOM VERGE","RM20","30","","","","","","","","","","","","","","","","2,000","","","","","","",""
"AZUR LANE : CROSSWAVE","RM45","60","","","","","","","","","","","","","","","","1,000","","","","","","",""
"AZURE STRIKER GUNVOLT STRIKER","RM25","35","","","","","","","","","","","","","","","","2,000","","","","","","",""
"BABA IS YOU","RM5","10","","","","","","","","","","","","","","","","3,000","","","","","","",""
"BABY SHARK: SING & SWIM PARTY","RM5","10","","","","","","","","","","","","","","","","","","","","","","",""
"BAKUGAN CHAMPION OF VESTORIA","RM25","35","","","","","","","","","","","","","","","","6,000","","","","","","",""
"BALAN WONDERWORLD","RM5","10","","","","","","","","","","","","","","","","2,000","","","","","","",""
"BALDO : THE GUARDIAN OWLS - THREE FARIES EDITION","RM45","60","","","","","","","","","","","","","","","","3,000","","","","","","",""
"BALDUR'S GATE 1 & 2 ENHANCED EDITION","RM50","70","","","","","","","","","","","","","","","","500","","","","","","",""
"BARBIE DREAMHOUSE ADVENTURES","RM35","50","","","","","","","","","","","","","","","","","","","","","","",""
"BARIE PROJECT FRIENDSHIP","RM35","50","","","","","","","","","","","","","","","","3,000","","","","","","",""
"BASS PRO SHOPS : THE STRIKE","RM30","40","","","","","","","","","","","","","","","","","","","","","","",""
"BASSMASTER FISHING 2022: SUPER DELUXE EDITION","RM25","35","","","","","","","","","","","","","","","","","","","","","","",""
"BATEN KAITOS I & II HD REMASTER","RM5","10","","","","","","","","","","","","","","","","","","","","","","",""
"BATMAN ARKHAM TRILOGY","RM55","75","","","","","","","","","","","","","","","","5,000","","","","","","",""
"BATMAN THE TELLTALE SERIES","RM60","80","","","","","","","","","","","","","","","","","","","","","","",""
"BATTLE AXE","RM5","10","","","","","","","","","","","","","","","","","","","","","","",""
"BATTLE SPIRITS: CONNECTED BATTLERS","RM5","10","","","","","","","","","","","","","","","","3,000","","","","","","",""
"BATTLE WORLD KRONOS","RM15","20","","","","","","","","","","","","","","","","6,000","","","","","","",""
"BATTLECHASERS: NIGHTWAR","RM20","30","","","","","","","","","","","","","","","","","","","","","","",""
"BAYONETTA ","RM50","70","","","","","","","","","","","","","","","","7,000","","","","","","",""
"BAYONETTA 2","RM35","50","","","","","","","","","","","","","","","","4,000","","","","","","",""
"BAYONETTA 3","RM40","55","","","","","","","","","","","","","","","","6,000","","","","","","",""
"BAYONETTA ORIGINS: CEREZA AND THE LAST DEMON","RM60","80","","","","","","","","","","","","","","","","","","","","","","",""
"BEE SIMULATOR ","RM30","40","","","","","","","","","","","","","","","","12,000","","","","","","",""
"BEN 10","RM30","40","","","","","","","","","","","","","","","","7,000","","","","","","",""
"BEN 10 : POWER TRIP ","RM30","40","","","","","","","","","","","","","","","","13,000","","","","","","",""
"BENDY AND THE INK MACHINE","RM45","60","","","","","","","","","","","","","","","","5,000","","","","","","",""
"BEYBLADE BURST: BATTLE ZERO","RM5","10","","","","","","","","","","","","","","","","","","","","","","",""
"BEYBLADE X XONE","RM5","10","","","","","","","","","","","","","","","","","","","","","","",""
"BEYOND A STEEL SKY","RM25","35","","","","","","","","","","","","","","","","3,000","","","","","","",""
"BIBI AND TINA AT THE HORSE FARM","RM20","30","","","","","","","","","","","","","","","","3,000","","","","","","",""
"BIG BRAIN ACADEMY: BRAIN VS BRAIN","RM45","60","","","","","","","","","","","","","","","","7,000","","","","","","",""
"BIG BUCK HUNTER ARCADE","RM25","35","","","","","","","","","","","","","","","","4,000","","","","","","",""
"BIG HELMET HEROES","RM5","10","","","","","","","","","","","","","","","","","","","","","","",""
"BIG PHARMA","RM15","20","","","","","","","","","","","","","","","","3,000","","","","","","",""
"BIG RUMBLE BOXING : CREED CHAMPIONS","RM35","50","","","","","","","","","","","","","","","","4,000","","","","","","",""
"BIOHAZARD ORIGINS COLLECTION","RM5","10","","","","","","","","","","","","","","","","4,000","","","","","","",""
"BIOMUTANT","RM30","40","","","","","","","","","","","","","","","","","","","","","","",""
"BIOSHOCK THE COLLECTION","RM40","55","","","","","","","","","","","","","","","","","","","","","","",""
"BIRUSHANA : RISING FLOWER OF GENPEI","RM35","50","","","","","","","","","","","","","","","","2,000","","","","","","",""
"BLACK FUTURE '88","RM15","20","","","","","","","","","","","","","","","","4,000","","","","","","",""
"BLACKSAD : UNDER THE SKIN","RM20","30","","","","","","","","","","","","","","","","1,000","","","","","","",""
"BLADE STRANGERS","RM50","70","","","","","","","","","","","","","","","","4,000","","","","","","",""
"BLADED FURY","RM30","40","","","","","","","","","","","","","","","","4,000","","","","","","",""
"BLASPHEMOUS DELUXE","RM30","40","","","","","","","","","","","","","","","","4,000","","","","","","",""
"BLAZBLUE CENTRAL FICTION","RM25","35","","","","","","","","","","","","","","","","13,000","","","","","","",""
"BLAZBLUE CROSS TAG BATTLE","RM20","30","","","","","","","","","","","","","","","","2,000","","","","","","",""
"BLAZE AND THE MONSTER MACHINES : AXLE CITY RACERS","RM30","40","","","","","","","","","","","","","","","","5,000","","","","","","",""
"BLOODSTAINED : CURSE OF THE MOON","RM5","10","","","","","","","","","","","","","","","","8,000","","","","","","",""
"BLOODSTAINED RITUAL OF THE NIGHT","RM20","30","","","","","","","","","","","","","","","","5,000","","","","","","",""
"BLUE FIRE","RM25","35","","","","","","","","","","","","","","","","10,000","","","","","","",""
"BLUE REFLECTION : SECOND LIGHT","RM30","40","","","","","","","","","","","","","","","","6,000","","","","","","",""
"BLUEY THE VIDEO GAME","RM45","60","","","","","","","","","","","","","","","","","","","","","","",""
"BOMB RUSH CYBERFUNK","RM25","35","","","","","","","","","","","","","","","","","","","","","","",""
"BOOKBOUND BRIGADE","RM15","20","","","","","","","","","","","","","","","","4,000","","","","","","",""
"BORDERLANDS 3","RM35","50","","","","","","","","","","","","","","","","","","","","","","",""
"BORDERLANDS LEGENDARY COLLECTION","RM5","10","","","","","","","","","","","","","","","","","","","","","","",""
"BRATZ: FLAUNT YOUR FASHION","RM35","50","","","","","","","","","","","","","","","","","","","","","","",""
"BRAVELY DEFAULT 2","RM20","30","","","","","","","","","","","","","","","","4,000","","","","","","",""
"BRAWLOUT","RM15","20","","","","","","","","","","","","","","","","7,000","","","","","","",""
"BRIGANDINE: THE LEGEND OF RUNERSIA","RM30","40","","","","","","","","","","","","","","","","","","","","","","",""
"BROKEN SWORD 5 : THE SERPENT'S CURSE","RM5","10","","","","","","","","","","","","","","","","3,000","","","","","","",""
"BUBBLE BOBBLE 4 FRIENDS","RM30","40","","","","","","","","","","","","","","","","","","","","","","",""
"BUBBLE BOBBLE 4 FRIENDS - THE BARON IS BACK","RM35","50","","","","","","","","","","","","","","","","","","","","","","",""
"BUBSY : PAWS ON FIRE !","RM35","50","","","","","","","","","","","","","","","","5,000","","","","","","",""
"BUNNY PARK ","RM20","30","","","","","","","","","","","","","","","","6,000","","","","","","",""
"BURGERTIME PARTY","RM25","35","","","","","","","","","","","","","","","","","","","","","","",""
"BURNOUT PARADISE REMASTERED","RM20","30","","","","","","","","","","","","","","","","7,000","","","","","","",""
"BUSTAFELLOWS","RM30","40","","","","","","","","","","","","","","","","4,000","","","","","","",""
"C.A.R.D.S RPG: THE MISTY BATTLEFIELD ","RM5","10","","","","","","","","","","","","","","","","3,000","","","","","","",""
"CABELA'S THE HUNT : CHAMPIONSHIP EDITION","RM25","35","","","","","","","","","","","","","","","","6,000","","","","","","",""
"CABELA'S THE HUNT TOURNAMENT EDITION","RM5","10","","","","","","","","","","","","","","","","1,000","","","","","","",""
"CADENCE OF HYRULE : CRYPT OF THE NECRODANCER FEATURING THE LEGEND OF ZELDA","RM40","55","","","","","","","","","","","","","","","","","","","","","","",""
"CAFE ENCHANTE","RM40","55","","","","","","","","","","","","","","","","","","","","","","",""
"CALADRIUS BLAZE","RM40","55","","","","","","","","","","","","","","","","5,000","","","","","","",""
"CALIGULA OVERDOSE","RM30","40","","","","","","","","","","","","","","","","6,000","","","","","","",""
"CALL OF CTHULHU","RM20","30","","","","","","","","","","","","","","","","15,000","","","","","","",""
"CANDLE THE POWER OF THE FLAME","RM30","40","","","","","","","","","","","","","","","","8,000","","","","","","",""
"CAPCOM BELT ACTION COLLECTION","RM5","10","","","","","","","","","","","","","","","","2,000","","","","","","",""
"CAPCOM FIGHTING COLLECTION","RM40","55","","","","","","","","","","","","","","","","","","","","","","",""
"CAPCOM FIGHTING COLLECTION 2","RM70","95","","","","","","","","","","","","","","","","8,000","","","","","","",""
"CAPTAIN TOAD TREASURE TRACKER","RM40","55","","","","","","","","","","","","","","","","15,000","","","","","","",""
"CAPTAIN TSUBASA","RM20","30","","","","","","","","","","","","","","","","","","","","","","",""
"CARDFIGHT!! VANGUARD DEAR DAYS","RM5","10","","","","","","","","","","","","","","","","","","","","","","",""
"CARDFIGHT!! VANGUARD DEAR DAYS 2","RM5","10","","","","","","","","","","","","","","","","","","","","","","",""
"CARDFIGHT!! VANGUARD EX","RM5","10","","","","","","","","","","","","","","","","","","","","","","",""
"CARNIVAL GAMES ","RM30","40","","","","","","","","","","","","","","","","2,000","","","","","","",""
"CARRION","RM25","35","","","","","","","","","","","","","","","","2,000","","","","","","",""
"CARS 3: DRIVEN TO WIN","RM30","40","","","","","","","","","","","","","","","","3,000","","","","","","",""
"CARTOON NETWORK BATTLE CRASHERS","RM20","30","","","","","","","","","","","","","","","","5,000","","","","","","",""
"CAT QUEST","RM5","10","","","","","","","","","","","","","","","","","","","","","","",""
"CAT QUEST AND CAT QUEST 2 : THE PAWSOME PACK","RM35","50","","","","","","","","","","","","","","","","7,000","","","","","","",""
"CAT QUEST III","RM20","30","","","","","","","","","","","","","","","","6,000","","","","","","",""
"CATAN SUPER DELUXE EDITION","RM5","10","","","","","","","","","","","","","","","","","","","","","","",""
"CATHERINE FULL BODY","RM35","50","","","","","","","","","","","","","","","","2,000","","","","","","",""
"CAVE STORY","RM20","30","","","","","","","","","","","","","","","","5,000","","","","","","",""
"CAVEMAN WARRIORS","RM15","25","","","","","","","","","","","","","","","","8,000","","","","","","",""
"CHAOS; HEAD NOAH / CHAOS; CHILD DOUBLE PACK","RM30","40","","","","","","","","","","","","","","","","2,000","","","","","","",""
"CHARON STAIRCASE","RM35","50","","","","","","","","","","","","","","","","5,000","","","","","","",""
"CHICKEN POLICE : PAINT IN RED","RM5","10","","","","","","","","","","","","","","","","2,000","","","","","","",""
"CHICKEN RANGE","RM5","10","","","","","","","","","","","","","","","","5,000","","","","","","",""
"CHILD OF LIGHT & VALIANT HEARTS","RM25","35","","","","","","","","","","","","","","","","10,000","","","","","","",""
"CHILDREN OF MORTA","RM25","35","","","","","","","","","","","","","","","","4,000","","","","","","",""
"CHOCOBO GP","RM30","40","","","","","","","","","","","","","","","","6,000","","","","","","",""
"CHOCOBO'S MYSTERY DUNGEON EVERYBUDDY!","RM35","50","","","","","","","","","","","","","","","","500","","","","","","",""
"CHRONO CROSS: THE RADICAL DREAMERS EDITION","RM25","35","","","","","","","","","","","","","","","","500","","","","","","",""
"CHRONOS : BEFORE THE ASHES ","RM10","15","","","","","","","","","","","","","","","","","","","","","","",""
"CITIES SKYLINES","RM30","40","","","","","","","","","","","","","","","","1,500","","","","","","",""
"CLASSIC RACERS ELITE","RM5","10","","","","","","","","","","","","","","","","10,000","","","","","","",""
"CLOSE TO THE SUN","RM10","15","","","","","","","","","","","","","","","","5,000","","","","","","",""
"CLOSED NIGHTMARE (JAPANESE/CHINESE)","RM25","35","","","","","","","","","","","","","","","","6,000","","","","","","",""
"CLOUDPUNK","RM40","55","","","","","","","","","","","","","","","","3,000","","","","","","",""
"CLUBHOUSE GAMES","RM35","50","","","","","","","","","","","","","","","","3,000","","","","","","",""
"COBRA KAI : THE KARATE KID SAGA CONTINUES","RM25","35","","","","","","","","","","","","","","","","5,000","","","","","","",""
"COBRA KAI 2 DOJOS RISING","RM30","40","","","","","","","","","","","","","","","","12,000","","","","","","",""
"COCOON","RM35","50","","","","","","","","","","","","","","","","","","","","","","",""
"CODE: REALIZE FUTURE BLESSINGS","RM30","40","","","","","","","","","","","","","","","","","","","","","","",""
"CODE : REALIZE WINTERTIDE MIRACLES ","RM20","30","","","","","","","","","","","","","","","","5,000","","","","","","",""
"CODE OF PRINCESS EX","RM45","60","","","","","","","","","","","","","","","","13,000","","","","","","",""
"COFFEE TALF & COFFEE TALK 2 DOUBLE PACK","RM40","55","","","","","","","","","","","","","","","","","","","","","","",""
"COFFEE TALK","RM5","10","","","","","","","","","","","","","","","","","","","","","","",""
"COLLAR X MALICE","RM40","55","","","","","","","","","","","","","","","","4,000","","","","","","",""
"COLLECTION OF MANA","RM30","40","","","","","","","","","","","","","","","","7,000","","","","","","",""
"COMIC COLORING BOOK","RM5","10","","","","","","","","","","","","","","","","1,000","","","","","","",""
"CONNECTANK","RM5","10","","","","","","","","","","","","","","","","3,000","","","","","","",""
"CONSCRIPT DELUXE EDITION","RM15","20","","","","","","","","","","","","","","","","","","","","","","",""
"CONSTRUCTION MACHINES SIMULATOR","RM15","20","","","","","","","","","","","","","","","","","","","","","","",""
"CONSTRUCTOR PLUS","RM25","35","","","","","","","","","","","","","","","","","","","","","","",""
"CONTRA : ROGUE CORPS","RM20","30","","","","","","","","","","","","","","","","","","","","","","",""
"CONTRA: OPERATION GALUGA","RM35","50","","","","","","","","","","","","","","","","1,000","","","","","","",""
"COOKING MAMA: COOKSTAR","RM95","130","","","","","","","","","","","","","","","","5,000","","","","","","",""
"CRASH BANDICOOT IT'S ABOUT TIME","RM55","75","","","","","","","","","","","","","","","","5,000","","","","","","",""
"CRASH BANDICOOT N-SANE TRILOGY","RM55","75","","","","","","","","","","","","","","","","1,000","","","","","","",""
"CRASH TEAM RACING NITRO FUELED","RM45","60","","","","","","","","","","","","","","","","3,000","","","","","","",""
"CRAYOLA SCOOT","RM20","30","","","","","","","","","","","","","","","","1,000","","","","","","",""
"CRAYON SHIN-CHAN: Me and the Professor on Summer Vacation - The Endless Seven-Day Journey","RM55","75","","","","","","","","","","","","","","","","2,000","","","","","","",""
"CRAYON SHIN CHAN: SHIRO OF COAL TOWN","RM100","135","","","","","","","","","","","","","","","","","","","","","","",""
"CRAYON SHIN CHAN : Me and The Professor on Summer Vacation & Shiro of Coal Town","RM140","190","","","","","","","","","","","","","","","","","","","","","","",""
"CRIS TALES","RM20","30","","","","","","","","","","","","","","","","6,000","","","","","","",""
"CRISIS CORE FINAL FANTASY 7 VII REUNION","RM20","30","","","","","","","","","","","","","","","","4,000","","","","","","",""
"CROSS CODE","RM30","40","","","","","","","","","","","","","","","","3,000","","","","","","",""
"CRUIS'N BLAST","RM40","55","","","","","","","","","","","","","","","","5,000","","","","","","",""
"CRYMACHINA","RM10","15","","","","","","","","","","","","","","","","","","","","","","",""
"CRYPT OF THE NECRODANCER","RM20","30","","","","","","","","","","","","","","","","3,000","","","","","","",""
"CRYSIS REMASTERED","RM20","30","","","","","","","","","","","","","","","","5,000","","","","","","",""
"CRYSIS 3 REMASTERED","RM20","30","","","","","","","","","","","","","","","","","","","","","","",""
"CRYSTAL CRISIS LAUNCH EDITION","RM20","30","","","","","","","","","","","","","","","","10,000","","","","","","",""
"CRYSTAR","RM40","55","","","","","","","","","","","","","","","","2,000","","","","","","",""
"CULT OF THE LAMB","RM45","60","","","","","","","","","","","","","","","","500","","","","","","",""
"CUPHEAD","RM50","70","","","","","","","","","","","","","","","","6,000","","","","","","",""
"CUPID PARASITE","RM40","55","","","","","","","","","","","","","","","","3,000","","","","","","",""
"CURVED SPACE","RM5","10","","","","","","","","","","","","","","","","1,000","","","","","","",""
"CYTUS ALPHA","RM20","30","","","","","","","","","","","","","","","","4,000","","","","","","",""
"DAEDALUS THE AWAKENING OF GOLDEN JAZZ","RM5","10","","","","","","","","","","","","","","","","1,000","","","","","","",""
"DAEMON X MACHINA","RM45","60","","","","","","","","","","","","","","","","6,000","","","","","","",""
"DAIROKU : AGENTS OF SAKURATANI","RM30","40","","","","","","","","","","","","","","","","13,000","","","","","","",""
"DANGANRONPA DECADENCE","RM50","70","","","","","","","","","","","","","","","","1,000","","","","","","",""
"DANGANRONPA TRILOGY PACK + HAPPY PANGANRONPA S SUPER HIGH SCHOOL LEVEL TROPICAL DICE CAMP","RM50","70","","","","","","","","","","","","","","","","","","","","","","",""
"DARIUSBURST : ANOTHER CHRONICLE EX PLUS","RM30","40","","","","","","","","","","","","","","","","3,000","","","","","","",""
"DARK SOULS REMASTERED","RM25","35","","","","","","","","","","","","","","","","5,000","","","","","","",""
"DARKEST DUNGEON","RM30","40","","","","","","","","","","","","","","","","3,000","","","","","","",""
"DARKSIDER II DEATHINITIVE EDITION","RM20","30","","","","","","","","","","","","","","","","4,000","","","","","","",""
"DARKSIDERS 3","RM15","20","","","","","","","","","","","","","","","","5,000","","","","","","",""
"DARKSIDERS GENESIS","RM10","15","","","","","","","","","","","","","","","","1,000","","","","","","",""
"DARKSIDERS WARMASTERED EDITION","RM30","40","","","","","","","","","","","","","","","","9,000","","","","","","",""
"DAVE THE DIVER ANNIVERSARY EDITION","RM45","60","","","","","","","","","","","","","","","","","","","","","","",""
"DAYMARE: 1994 SANDCASTLE","RM25","35","","","","","","","","","","","","","","","","","","","","","","",""
"DC JUSTICE LEAGUE: COSMIC CHAOS","RM5","10","","","","","","","","","","","","","","","","4,000","","","","","","",""
"DC LEAGUE OF SUPER-PETS : THE ADVENTURES OF KRYPTO AND ACE","RM30","40","","","","","","","","","","","","","","","","","","","","","","",""
"DC SUPER HERO GIRLS : TEEN POWER","RM30","40","","","","","","","","","","","","","","","","4,000","","","","","","",""
"DE BLOB","RM15","20","","","","","","","","","","","","","","","","500","","","","","","",""
"DE BLOB 2","RM15","20","","","","","","","","","","","","","","","","4,000","","","","","","",""
"DEAD BY DAYLIGHT","RM20","30","","","","","","","","","","","","","","","","500","","","","","","",""
"DEAD CELLS","RM20","30","","","","","","","","","","","","","","","","5,000","","","","","","",""
"DEAD CELLS  WITH DLC","RM25","35","","","","","","","","","","","","","","","","","","","","","","",""
"DEAD CELLS: RETURN TO CASTLEVANIA","RM35","50","","","","","","","","","","","","","","","","","","","","","","",""
"DEAD OR ALIVE XTREME 3 SCARLET","RM55","75","","","","","","","","","","","","","","","","5,000","","","","","","",""
"DEADLY PREMONITION 2 : A BLESSING IN DISGUISE","RM5","10","","","","","","","","","","","","","","","","13,000","","","","","","",""
"DEATH END REQUEST 2","RM35","50","","","","","","","","","","","","","","","","1,000","","","","","","",""
"DEATH OR TREAT","RM10","15","","","","","","","","","","","","","","","","","","","","","","",""
"DEATH MARK","RM30","40","","","","","","","","","","","","","","","","5,000","","","","","","",""
"DEATH SQUARED","RM20","30","","","","","","","","","","","","","","","","","","","","","","",""
"DEATH'S DOOR","RM15","20","","","","","","","","","","","","","","","","","","","","","","",""
"DEATH'S GAMBIT : AFTERLIFE DEFINITIVE EDITION","RM25","35","","","","","","","","","","","","","","","","500","","","","","","",""
"DEATHSMILES I&II","RM30","40","","","","","","","","","","","","","","","","5,000","","","","","","",""
"DEEEER SIMULATOR : YOUR AVERAGE EVERYDAY DEER GAME","RM30","40","","","","","","","","","","","","","","","","500","","","","","","",""
"DEEMO","RM5","10","","","","","","","","","","","","","","","","500","","","","","","",""
"DEMON GAZE EXTRA","RM5","10","","","","","","","","","","","","","","","","","","","","","","",""
"DEMON SLAYER: KIMETSU NO YAIBA - SWEEP THE BOARD! - THE TOWER OF CHILDREN ","RM55","75","","","","","","","","","","","","","","","","","","","","","","",""
"DEMON SLAYER: KIMETSU NO YAIBA - THE HINOKAMI CHRONICLES","RM55","75","","","","","","","","","","","","","","","","500","","","","","","",""
"DEMON SLAYER: KIMETSU NO YAIBA - THE HINOKAMI CHRONICLES 2","RM65","90","","","","","","","","","","","","","","","","","","","","","","",""
"DEMON THROTTLE","RM20","30","","","","","","","","","","","","","","","","1,000","","","","","","",""
"DESCENDERS","RM20","30","","","","","","","","","","","","","","","","5,000","","","","","","",""
"DESTINY CONNECT TICK TOCK TRAVELERS","RM15","20","","","","","","","","","","","","","","","","10,000","","","","","","",""
"DESTROY ALL HUMANS! 2020","RM25","35","","","","","","","","","","","","","","","","1,000","","","","","","",""
"DETECTIVE PIKACHU RETURNS","RM45","60","","","","","","","","","","","","","","","","","","","","","","",""
"DEVIL ENGINE: COMPLETE EDITION","RM30","50","","","","","","","","","","","","","","","","","","","","","","",""
"DEVIL MAY CRY TRIPLE PACK","RM5","10","","","","","","","","","","","","","","","","6,000","","","","","","",""
"DIABLO 3 ETERNAL COLLECTION","RM35","50","","","","","","","","","","","","","","","","7,000","","","","","","",""
"DIGIMON STORY CYBER SLEUTH COMPLETE EDITION","RM30","40","","","","","","","","","","","","","","","","3,000","","","","","","",""
"DIGIMON STORY TIME STRANGER","RM80","110","","","","","","","","","","","","","","","","","","","","","","",""
"DIGIMON SURVIVE","RM50","70","","","","","","","","","","","","","","","","13,000","","","","","","",""
"DIGIMON WORLD : NEXT ORDER","RM60","80","","","","","","","","","","","","","","","","11,000","","","","","","",""
"DISASTER REPORT 4","RM30","40","","","","","","","","","","","","","","","","5,000","","","","","","",""
"DISCO ELYSIUM THE FINAL CUT ","RM20","30","","","","","","","","","","","","","","","","3,000","","","","","","",""
"DISGAEA 1 COMPLETE / DISGAEA REFINE","RM20","30","","","","","","","","","","","","","","","","3,000","","","","","","",""
"DISGAEA 4 COMPLETE PLUS","RM35","50","","","","","","","","","","","","","","","","3,000","","","","","","",""
"DISGAEA 5 COMPLETE","RM25","35","","","","","","","","","","","","","","","","5,000","","","","","","",""
"DISGAEA 6","RM10","15","","","","","","","","","","","","","","","","5,000","","","","","","",""
"DISGAEA 7: VOWS OF THE VIRTUELESS","RM40","55","","","","","","","","","","","","","","","","","","","","","","",""
"DISNEY CLASSIC GAMES : ALADDIN AND THE LION KING","RM20","30","","","","","","","","","","","","","","","","3,000","","","","","","",""
"DISNEY CLASSIC GAMES COLLECTION ","RM25","35","","","","","","","","","","","","","","","","2,000","","","","","","",""
"DISNEY EPIC MICKEY: REBRUSHED","RM45","60","","","","","","","","","","","","","","","","","","","","","","",""
"DISNEY ILLUSION ISLAND","RM35","50","","","","","","","","","","","","","","","","","","","","","","",""
"DISNEY MAGICAL WORLD 2 : ENCHANTED EDITION","RM25","35","","","","","","","","","","","","","","","","3,000","","","","","","",""
"DISNEY TSUM TSUM FESTIVAL","RM20","30","","","","","","","","","","","","","","","","3,000","","","","","","",""
"DNF DUEL","RM25","35","","","","","","","","","","","","","","","","3,000","","","","","","",""
"DOCTOR WHO : THE EDGE OF REALITY AND THE LONELY ASSASSINS","RM15","20","","","","","","","","","","","","","","","","3,000","","","","","","",""
"DODGEBALL ACADEMIA","RM25","35","","","","","","","","","","","","","","","","3,000","","","","","","",""
"DOKI DOKI LITREATURE","RM40","55","","","","","","","","","","","","","","","","3,000","","","","","","",""
"DOLLHOUSE ","RM45","60","","","","","","","","","","","","","","","","2,000","","","","","","",""
"DONKEY KONG COUNTRY RETURNS HD","RM105","140","","","","","","","","","","","","","","","","","","","","","","",""
"DONKEY KONG COUNTRY TROPICAL FREEZE","RM95","130","","","","","","","","","","","","","","","","2,000","","","","","","",""
"DOOM","RM35","50","","","","","","","","","","","","","","","","8,000","","","","","","",""
"DOOM ETERNAL","RM5","10","","","","","","","","","","","","","","","","","","","","","","",""
"DONUT DODO","RM10","15","","","","","","","","","","","","","","","","","","","","","","",""
"DORAEMON STORY OF SEASONS ","RM45","60","","","","","","","","","","","","","","","","","","","","","","",""
"DORAEMON STORY OF SEASONS : FRIENDS OF THE GREAT KINGDOM","RM65","90","","","","","","","","","","","","","","","","2,000","","","","","","",""
"DORAEMON: NOBITA'S CHRONICLE OF THE MOON EXPLORATION","RM35","50","","","","","","","","","","","","","","","","8,000","","","","","","",""
"DOUBLE DRAGON REVIVE","RM45","60","","","","","","","","","","","","","","","","","","","","","","",""
"DR KAWASHIMA'S BRAIN TRAINING","RM40","55","","","","","","","","","","","","","","","","4,000","","","","","","",""
"DRAGON BALL FIGHTER Z","RM30","40","","","","","","","","","","","","","","","","4,000","","","","","","",""
"DRAGON BALL THE BREAKERS ","RM25","35","","","","","","","","","","","","","","","","6,000","","","","","","",""
"DRAGON BALL XENOVERSE 2","RM25","35","","","","","","","","","","","","","","","","3,000","","","","","","",""
"DRAGON BALL Z KAKAROT","RM35","50","","","","","","","","","","","","","","","","3,000","","","","","","",""
"DRAGON BALL Z: KAKAROT + A NEW POWER AWAKENS SET","RM40","55","","","","","","","","","","","","","","","","","","","","","","",""
"DRAGON MARKED FOR DEATH","RM30","40","","","","","","","","","","","","","","","","3,000","","","","","","",""
"DRAGON QUEST 1,2,3 (US)","RM5","10","","","","","","","","","","","","","","","","10,000","","","","","","",""
"DRAGON QUEST BUILDERS","RM25","35","","","","","","","","","","","","","","","","","","","","","","",""
"DRAGON QUEST BUILDERS 2","RM20","30","","","","","","","","","","","","","","","","15,000","","","","","","",""
"DRAGON QUEST I + II HD-2D REMAKE","RM45","60","","","","","","","","","","","","","","","","","","","","","","",""
"DRAGON QUEST III HD-2D REMAKE","RM40","55","","","","","","","","","","","","","","","","6,000","","","","","","",""
"DRAGON QUEST MONSTERS: THE DARK PRINCE","RM25","35","","","","","","","","","","","","","","","","","","","","","","",""
"DRAGON QUEST TREASURES","RM15","25","","","","","","","","","","","","","","","","8,000","","","","","","",""
"DRAGON QUEST VII REIMAGINED","RM65","90","","","","","","","","","","","","","","","","","","","","","","",""
"DRAGON QUEST XI S: ECHOES OF ELUSIVE AGE DEFINITIVE EDITION ","RM25","35","","","","","","","","","","","","","","","","5,000","","","","","","",""
"DRAGON'S DOGMA : DARK ARISEN","RM15","20","","","","","","","","","","","","","","","","15,000","","","","","","",""
"DRAGONS : DAWN OF NEW RIDERS","RM25","35","","","","","","","","","","","","","","","","10,000","","","","","","",""
"DREADOUT REMASTERED COLLECTION","RM15","20","","","","","","","","","","","","","","","","","","","","","","",""
"DREAMWORKS ALL STAR KART RACING","RM5","10","","","","","","","","","","","","","","","","","","","","","","",""
"DREAMWORKS DRAGONS : LEGENDS OF THE NINE REALMS","RM30","40","","","","","","","","","","","","","","","","15,000","","","","","","",""
"DREAMWORKS SPIRIT LUCKY'S BIG ADVENTURE","RM20","30","","","","","","","","","","","","","","","","15,000","","","","","","",""
"DUNGEON OF THE ENDLESS","RM20","30","","","","","","","","","","","","","","","","10,000","","","","","","",""
"DUNGREED","RM5","10","","","","","","","","","","","","","","","","","","","","","","",""
"DUSK DIVER","RM20","30","","","","","","","","","","","","","","","","10,000","","","","","","",""
"DUSK DIVER 2","RM20","30","","","","","","","","","","","","","","","","13,000","","","","","","",""
"DYING LIGHT","RM5","10","","","","","","","","","","","","","","","","7,000","","","","","","",""
"DYING LIGHT PLATINUM EDITION","RM25","35","","","","","","","","","","","","","","","","","","","","","","",""
"DYNASTY WARRIORS 8: XTREME LEGENDS DEFINITIVE EDITION","RM5","10","","","","","","","","","","","","","","","","","","","","","","",""
"DYNASTY WARRIORS EMPIRE 9","RM20","30","","","","","","","","","","","","","","","","2,000","","","","","","",""
"DYNASTY WARRIORS EMPIRES 8","RM40","55","","","","","","","","","","","","","","","","4,000","","","","","","",""
"EARTH DEFENSE FORCE: WORLD BROTHERS 2","RM20","30","","","","","","","","","","","","","","","","","","","","","","",""
"EA SPORTS FC 24","RM15","20","","","","","","","","","","","","","","","","","","","","","","",""
"EA SPORTS FC 25","RM20","30","","","","","","","","","","","","","","","","","","","","","","",""
"EA SPORTS FC 26","RM60","80","","","","","","","","","","","","","","","","","","","","","","",""
"EASTWARD","RM25","35","","","","","","","","","","","","","","","","500","","","","","","",""
"EIYUDEN CHRONICLES: HUNDRED HEROES","RM35","50","","","","","","","","","","","","","","","","","","","","","","",""
"EIYUDEN CHRONICLES: RISING","RM45","60","","","","","","","","","","","","","","","","","","","","","","",""
"EMBR","RM15","20","","","","","","","","","","","","","","","","","","","","","","",""
"EMBR UBER FIREFIGHTERS","RM15","20","","","","","","","","","","","","","","","","","","","","","","",""
"EMPIRE OF SIN","RM20","30","","","","","","","","","","","","","","","","4,000","","","","","","",""
"ENDER MAGNOLIA","RM40","55","","","","","","","","","","","","","","","","","","","","","","",""
"ENDLESS OCEAN LUMINOUS","RM25","35","","","","","","","","","","","","","","","","2,000","","","","","","",""
"ENDLING - EXTINCTION IS FOREVER","RM30","40","","","","","","","","","","","","","","","","","","","","","","",""
"ENTER THE GUNGEON","RM40","55","","","","","","","","","","","","","","","","5,000","","","","","","",""
"EPIC CHEF","RM10","15","","","","","","","","","","","","","","","","10,000","","","","","","",""
"EQUESTRIAN TRAINING","RM25","35","","","","","","","","","","","","","","","","5,000","","","","","","",""
"ESCAPE GAME FORT","RM35","50","","","","","","","","","","","","","","","","5,000","","","","","","",""
"ETERNAL RADIANCE","RM25","35","","","","","","","","","","","","","","","","","","","","","","",""
"ETRIAN ODYSSEY ORIGINS COLLECTION I/II/III HD REMASTER","RM45","60","","","","","","","","","","","","","","","","","","","","","","",""
"EVERSPACE STELLAR","RM40","55","","","","","","","","","","","","","","","","4,000","","","","","","",""
"EVERYBODY 1-2 SWITCH!","RM55","75","","","","","","","","","","","","","","","","","","","","","","",""
"EVERYONE SPELUNKER","RM5","10","","","","","","","","","","","","","","","","","","","","","","",""
"EXPEDITIONS - A MUDRUNNER GAME","RM50","70","","","","","","","","","","","","","","","","","","","","","","",""
"EXOPHOBIA","RM5","10","","","","","","","","","","","","","","","","","","","","","","",""
"F.I.S.T : FORGED IN SHADOW TORCH","RM20","30","","","","","","","","","","","","","","","","2,000","","","","","","",""
"FADING AFTERNOON UNCENSORED","RM5","10","","","","","","","","","","","","","","","","","","","","","","",""
"FAE FARM","RM35","50","","","","","","","","","","","","","","","","","","","","","","",""
"FAIRY TAIL","RM30","40","","","","","","","","","","","","","","","","2,000","","","","","","",""
"FAIRY TAIL 2","RM35","50","","","","","","","","","","","","","","","","","","","","","","",""
"FALLEN LEGION REVENANTS","RM15","20","","","","","","","","","","","","","","","","7,000","","","","","","",""
"FALLEN LEGION RISE TO GLORY","RM15","20","","","","","","","","","","","","","","","","2,000","","","","","","",""
"FAMILY FEUD","RM5","10","","","","","","","","","","","","","","","","5,000","","","","","","",""
"FAMILY FUN NIGHT","RM30","40","","","","","","","","","","","","","","","","","","","","","","",""
"FAMILY TRAINER","RM25","35","","","","","","","","","","","","","","","","","","","","","","",""
"FANTASIAN NEO DIMENSION","RM45","60","","","","","","","","","","","","","","","","","","","","","","",""
"FANTASY FRIENDS","RM20","30","","","","","","","","","","","","","","","","4,000","","","","","","",""
"FANTASY LIFE i: THE GIRL WHO STEALS TIME","RM5","10","","","","","","","","","","","","","","","","","","","","","","",""
"FARM EXPERT 2019","","","","","","","","","","","","","","","","","","5,000","","","","","","",""
"FARM FOR YOUR LIFE","RM15","20","","","","","","","","","","","","","","","","","","","","","","",""
"FARMAGIA","RM55","75","","","","","","","","","","","","","","","","","","","","","","",""
"FARMER'S DYNASTY","RM30","40","","","","","","","","","","","","","","","","10,000","","","","","","",""
"FARMING SIMULATOR","","","","","","","","","","","","","","","","","","1,000","","","","","","",""
"FARMING SIMULATOR 20","","","","","","","","","","","","","","","","","","5,000","","","","","","",""
"FARMING SIMULATOR 23","","","","","","","","","","","","","","","","","","","","","","","","",""
"FASHION DREAMER","RM30","40","","","","","","","","","","","","","","","","","","","","","","",""
"FAST AND FURIOUS","RM5","10","","","","","","","","","","","","","","","","3,000","","","","","","",""
"FAST AND FURIOUS: SPY RACERS RISE OF SHIRFT3R","RM45","60","","","","","","","","","","","","","","","","","","","","","","",""
"FATAL FRAME","RM5","10","","","","","","","","","","","","","","","","6,000","","","","","","",""
"FATAL FRAME 4 : MASK OF THE LUNAR ECLIPSE","RM5","10","","","","","","","","","","","","","","","","","","","","","","",""
"FATAL FRAME: MAIDEN OF BLACK WATER","RM45","60","","","","","","","","","","","","","","","","1,000","","","","","","",""
"FATE/EXTELLA : THE UMBRAL STAR / FATE EXTELLA","RM30","40","","","","","","","","","","","","","","","","500","","","","","","",""
"FATE/EXTELLA LINK","RM25","35","","","","","","","","","","","","","","","","500","","","","","","",""
"FATE/SAMURAI REMNANT","RM40","55","","","","","","","","","","","","","","","","","","","","","","",""
"FIFA 18","","","","","","","","","","","","","","","","","","5,000","","","","","","",""
"FIFA 19","","","","","","","","","","","","","","","","","","3,000","","","","","","",""
"FIFA 20","","","","","","","","","","","","","","","","","","1,000","","","","","","",""
"FIFA 21 STANDARD EDITION","","","","","","","","","","","","","","","","","","6,000","","","","","","",""
"FIFA 22","","","","","","","","","","","","","","","","","","4,000","","","","","","",""
"FIFA 23","","","","","","","","","","","","","","","","","","3,000","","","","","","",""
"FIGHT CRAB : SHELLA AWESOME EDITION","RM5","10","","","","","","","","","","","","","","","","1,000","","","","","","",""
"FINAL FANTASY I-VI PIXEL REMASTER COLLECTION","RM85","115","","","","","","","","","","","","","","","","3,000","","","","","","",""
"FINAL FANTASY IX","RM70","95","","","","","","","","","","","","","","","","","","","","","","",""
"FINAL FANTASY TACTIC THE IVALIVE CHRONICLES","RM60","80","","","","","","","","","","","","","","","","","","","","","","",""
"FINAL FANTASY THEATRHYTHM : FINAL BAR LINE","RM35","50","","","","","","","","","","","","","","","","7,000","","","","","","",""
"FINAL FANTASY VII & FINAL FANTASY VIII REMASTERED TWIN PACK","RM50","70","","","","","","","","","","","","","","","","6,000","","","","","","",""
"FINAL FANTASY X/X2 ","RM60","80","","","","","","","","","","","","","","","","500","","","","","","",""
"FINAL FANTASY XII THE ZODIAC AGE","RM35","50","","","","","","","","","","","","","","","","500","","","","","","",""
"FIRE EMBLEM ENGAGE","RM50","70","","","","","","","","","","","","","","","","500","","","","","","",""
"FIRE EMBLEM THREE HOUSES","RM55","75","","","","","","","","","","","","","","","","1,500","","","","","","",""
"FIRE EMBLEM WARRIORS","RM25","35","","","","","","","","","","","","","","","","10,000","","","","","","",""
"FIRE EMBLEM WARRIORS THREE HOPES","RM25","35","","","","","","","","","","","","","","","","2,000","","","","","","",""
"FISHING STAR WORLD TOUR","RM35","50","","","","","","","","","","","","","","","","","","","","","","",""
"FITNESS BOXING","RM25","35","","","","","","","","","","","","","","","","5,000","","","","","","",""
"FITNESS BOXING 2","RM40","55","","","","","","","","","","","","","","","","4,000","","","","","","",""
"FITNESS BOXING 3: YOUR PERSONAL TRAINER","RM40","55","","","","","","","","","","","","","","","","","","","","","","",""
"FITNESS BOXING FEATURING HATSUNE MIKU","RM45","60","","","","","","","","","","","","","","","","","","","","","","",""
"FIVE NIGHTS AT FREDDY'S : CORE COLLECTION","RM50","70","","","","","","","","","","","","","","","","2,000","","","","","","",""
"FIVE NIGHTS AT FREDDY'S : HELP WANTED","RM40","55","","","","","","","","","","","","","","","","6,000","","","","","","",""
"FIVE NIGHTS AT FREDDY'S: INTO THE PIT","RM20","30","","","","","","","","","","","","","","","","","","","","","","",""
"FIVE NIGHTS AT FREDDY'S : SECURITY BREACH ","RM50","70","","","","","","","","","","","","","","","","","","","","","","",""
"FLASHBACK","RM5","10","","","","","","","","","","","","","","","","3,000","","","","","","",""
"FLIPPING DEATH","RM25","35","","","","","","","","","","","","","","","","13,000","","","","","","",""
"FOOD GIRLS","RM5","10","","","","","","","","","","","","","","","","","","","","","","",""
"FOOD GIRLS 2: CIVIL WAR","RM5","10","","","","","","","","","","","","","","","","","","","","","","",""
"FOOTBALL MANAGER 2024 TOUCH","RM30","40","","","","","","","","","","","","","","","","","","","","","","",""
"FOR THE KING","RM5","10","","","","","","","","","","","","","","","","4,000","","","","","","",""
"FORAGER","RM30","40","","","","","","","","","","","","","","","","5,000","","","","","","",""
"FORECLOSED","RM15","20","","","","","","","","","","","","","","","","12,000","","","","","","",""
"FORETALES","RM25","35","","","","","","","","","","","","","","","","3,000","","","","","","",""
"FRIDAY THE 13TH","RM30","40","","","","","","","","","","","","","","","","8,000","","","","","","",""
"FRONT MISSION 1ST REMAKE ","RM20","30","","","","","","","","","","","","","","","","","","","","","","",""
"FRONT MISSION 2","RM5","10","","","","","","","","","","","","","","","","","","","","","","",""
"FRONT MISSION 3","RM5","10","","","","","","","","","","","","","","","","","","","","","","",""
"FUN! FUN! ANIMAL PARK","RM25","35","","","","","","","","","","","","","","","","2,000","","","","","","",""
"G DARIUS HD","RM25","35","","","","","","","","","","","","","","","","4,000","","","","","","",""
"G.I.JOE","RM25","35","","","","","","","","","","","","","","","","17,000","","","","","","",""
"GAL GUN : DOUBLE PEACE","RM25","35","","","","","","","","","","","","","","","","4,000","","","","","","",""
"GAL GUN : RETURNS","RM20","30","","","","","","","","","","","","","","","","6,000","","","","","","",""
"GAL METAL - WORLD TOUR EDITION","RM15","20","","","","","","","","","","","","","","","","3,000","","","","","","",""
"GALAK-Z : THE VOID + SKULLS OF THE SHOGUN : BONE-A-FIDE EDITION","RM20","30","","","","","","","","","","","","","","","","2,000","","","","","","",""
"GAME BUILDER GARAGE","RM25","35","","","","","","","","","","","","","","","","3,000","","","","","","",""
"GANG BEASTS","RM45","60","","","","","","","","","","","","","","","","4,000","","","","","","",""
"GARFIELD KART : FURIOUS RACING","RM30","40","","","","","","","","","","","","","","","","7,000","","","","","","",""
"GARFIELD LASAGNA PARTY","RM30","40","","","","","","","","","","","","","","","","","","","","","","",""
"GAS GUZZLERS EXTREME","RM15","20","","","","","","","","","","","","","","","","7,000","","","","","","",""
"GEAR CLUB UNLIMITED","RM40","55","","","","","","","","","","","","","","","","4,000","","","","","","",""
"GEAR CLUB UNLIMITED 2","RM45","60","","","","","","","","","","","","","","","","8,000","","","","","","",""
"GEAR CLUB UNLIMITED 2 PORSCHE","RM50","70","","","","","","","","","","","","","","","","4,000","","","","","","",""
"GEAR CLUB UNLIMITED 2 TRACKS","RM50","70","","","","","","","","","","","","","","","","5,000","","","","","","",""
"GEARSHIFTERS","RM5","10","","","","","","","","","","","","","","","","","","","","","","",""
"GEMINOSE : ANIMAL POPSTARS","RM5","10","","","","","","","","","","","","","","","","5,000","","","","","","",""
"GEORIFTERS","RM10","15","","","","","","","","","","","","","","","","","","","","","","",""
"GHOSTBUSTERS THE VIDEO GAME REMASTERED","RM45","60","","","","","","","","","","","","","","","","","","","","","","",""
"GHOSTBUSTERS: Spirits Unleashed","RM35","50","","","","","","","","","","","","","","","","2,000","","","","","","",""
"GHOSTRUNNER","RM30","40","","","","","","","","","","","","","","","","8,000","","","","","","",""
"GI JOE OPERATION BLACKOUT ","RM25","35","","","","","","","","","","","","","","","","2,000","","","","","","",""
"GIANA SISTERS TWISTED DREAMS","RM20","30","","","","","","","","","","","","","","","","4,000","","","","","","",""
"GIGANTOSAURUS THE GAME","RM30","40","","","","","","","","","","","","","","","","1,000","","","","","","",""
"GIRAFFE AND ANNIKA","RM35","50","","","","","","","","","","","","","","","","15,000","","","","","","",""
"GO VACATION","RM35","50","","","","","","","","","","","","","","","","8,000","","","","","","",""
"GOAT SIMULATOR","RM35","50","","","","","","","","","","","","","","","","5,500","","","","","","",""
"GOD EATER 3","RM10","15","","","","","","","","","","","","","","","","4,000","","","","","","",""
"GOLAZO! 2 DELUXE","RM30","40","","","","","","","","","","","","","","","","","","","","","","",""
"GOLF 2K21","","","","","","","","","","","","","","","","","","1,000","","","","","","",""
"GOOD PIZZA GREAT PIZZA","RM20","30","","","","","","","","","","","","","","","","","","","","","","",""
"GOOSEBUMPS DEAD OF NIGHT","RM30","40","","","","","","","","","","","","","","","","6,000","","","","","","",""
"GOOSEBUMPS THE GAME","RM20","30","","","","","","","","","","","","","","","","5,000","","","","","","",""
"GOOSEBUMPS: TERROR IN THE LITTLE CREEK","RM20","30","","","","","","","","","","","","","","","","","","","","","","",""
"GORSD DOMINUS EDITION","RM5","10","","","","","","","","","","","","","","","","","","","","","","",""
"GRAND MOUNTAIN ADVENTURE : WONDERLANDS DAY 1 EDITION","RM20","30","","","","","","","","","","","","","","","","13,000","","","","","","",""
"GRAND THEFT AUTO TRILOGY","RM70","95","","","","","","","","","","","","","","","","9,000","","","","","","",""
"GREAK : MEMORIES OF AZUR","RM20","30","","","","","","","","","","","","","","","","10,900","","","","","","",""
"GREAT ACE ATTORNEY CHRONICLES","RM40","55","","","","","","","","","","","","","","","","10,900","","","","","","",""
"GRIP : COMBAT RACING    ","RM15","20","","","","","","","","","","","","","","","","8,000","","","","","","",""
"GRIP : COMBAT RACING AIRBLADES VS ROLLERS ULTIMATE","RM20","30","","","","","","","","","","","","","","","","9,000","","","","","","",""
"GRIS ","RM40","55","","","","","","","","","","","","","","","","15,000","","","","","","",""
"GROW : SONG OF THE EVERTREE","RM30","40","","","","","","","","","","","","","","","","10,000","","","","","","",""
"GUACAMELEE ONE-TWO PUNCH COLLECTION (US)","RM45","60","","","","","","","","","","","","","","","","15,000","","","","","","",""
"GUILTY GEAR STRIVE","RM45","60","","","","","","","","","","","","","","","","","","","","","","",""
"GUN GUN PIXIES","RM35","50","","","","","","","","","","","","","","","","6,000","","","","","","",""
"GUNGRAVE G.O.R.E.","RM30","40","","","","","","","","","","","","","","","","","","","","","","",""
"GUNDAM BREAKER 4","RM45","60","","","","","","","","","","","","","","","","","","","","","","",""
"HADES","RM40","55","","","","","","","","","","","","","","","","10,000","","","","","","",""
"HAPPY BIRTHDAYS","RM30","40","","","","","","","","","","","","","","","","","","","","","","",""
"HARD WEST","RM15","20","","","","","","","","","","","","","","","","15,000","","","","","","",""
"HARDCORE MECHA","RM35","50","","","","","","","","","","","","","","","","15,000","","","","","","",""
"HARRY POTTER: QUIDDITCH CHAMPIONS","RM30","40","","","","","","","","","","","","","","","","","","","","","","",""
"HARVEST MOON LIGHT OF HOPE","RM20","30","","","","","","","","","","","","","","","","8,000","","","","","","",""
"HARVEST MOON MAD DASH","RM25","35","","","","","","","","","","","","","","","","4,000","","","","","","",""
"HARVEST MOON ONE WORLD","RM35","50","","","","","","","","","","","","","","","","6,000","","","","","","",""
"HARVEST MOON THE LOST VALLEY AND THE SKYTREE VILLAGE","RM45","60","","","","","","","","","","","","","","","","","","","","","","",""
"HARVEST MOON THE WINDS OF ANTHOS","RM50","70","","","","","","","","","","","","","","","","","","","","","","",""
"HARVESTELLA","RM35","50","","","","","","","","","","","","","","","","5,000","","","","","","",""
"HAS BEEN HEROES","RM5","10","","","","","","","","","","","","","","","","","","","","","","",""
"HASBRO GAME NIGHT","RM30","40","","","","","","","","","","","","","","","","500","","","","","","",""
"HATSUNE MIKU PROJECT DIVA MEGA 39S","RM35","50","","","","","","","","","","","","","","","","4,000","","","","","","",""
"HELL WARDERS","RM5","10","","","","","","","","","","","","","","","","","","","","","","",""
"HELLBOY WEB OF WYRD","RM30","40","","","","","","","","","","","","","","","","8,000","","","","","","",""
"HELLMUT","RM20","30","","","","","","","","","","","","","","","","3,000","","","","","","",""
"HELLO KITTY ISLAND ADVENTURE","RM35","50","","","","","","","","","","","","","","","","3,000","","","","","","",""
"HELLO KITTY ISLAND ADVENTURE DELUXE EDITION","RM50","70","","","","","","","","","","","","","","","","","","","","","","",""
"HELLO KITTY KRUISER","RM45","60","","","","","","","","","","","","","","","","","","","","","","",""
"HELLO NEIGHBOR 2","RM40","55","","","","","","","","","","","","","","","","3,000","","","","","","",""
"HELLO NEIGHBOUR","RM35","50","","","","","","","","","","","","","","","","3,000","","","","","","",""
"HELLO NEIGHBOUR : HIDE AND SEEK","RM20","30","","","","","","","","","","","","","","","","3,000","","","","","","",""
"HELLPOINT","RM5","10","","","","","","","","","","","","","","","","10,000","","","","","","",""
"HIDDEN OBJECTS COLLECTION","RM45","60","","","","","","","","","","","","","","","","5,000","","","","","","",""
"HIDDEN OBJECTS COLLECTION VOLUME 2","RM45","60","","","","","","","","","","","","","","","","500","","","","","","",""
"HIDDEN OBJECTS COLLECTION VOLUME 3","RM35","50","","","","","","","","","","","","","","","","1,000","","","","","","",""
"HOA","RM35","50","","","","","","","","","","","","","","","","2,000","","","","","","",""
"HOGWARTS LEGACY","RM75","110","","","","","","","","","","","","","","","","1,000","","","","","","",""
"HOKKO LIFE","RM30","40","","","","","","","","","","","","","","","","","","","","","","",""
"HOLLOW KNIGHT","RM65","90","","","","","","","","","","","","","","","","2,000","","","","","","",""
"HORIZON CHASE TURBO","RM30","40","","","","","","","","","","","","","","","","5,000","","","","","","",""
"HORSE CLUB ADVENTURES","RM25","35","","","","","","","","","","","","","","","","5,000","","","","","","",""
"HOT LAP RACING","RM45","60","","","","","","","","","","","","","","","","","","","","","","",""
"HOT WHEELS LET'S RACE : ULTIMATE SPEED","RM30","40","","","","","","","","","","","","","","","","","","","","","","",""
"HOT WHEELS UNLEASHED","RM30","40","","","","","","","","","","","","","","","","13,000","","","","","","",""
"HOT WHEELS UNLEASHED 2: TURBOCHARGED","RM40","55","","","","","","","","","","","","","","","","","","","","","","",""
"HOTEL TRANSYLVANIA 3 MONSTERS OVERBOARD","RM30","40","","","","","","","","","","","","","","","","2,000","","","","","","",""
"HOTEL TRANSYLVANIA SCARY TALE ADVENTURE","RM30","40","","","","","","","","","","","","","","","","4,000","","","","","","",""
"HOTLINE MIAMI COLLECTION","RM15","20","","","","","","","","","","","","","","","","8,000","","","","","","",""
"HOTSHOT RACING","RM20","30","","","","","","","","","","","","","","","","15,000","","","","","","",""
"HOUSE FLIPPER","RM35","50","","","","","","","","","","","","","","","","5,000","","","","","","",""
"HOVER","RM30","40","","","","","","","","","","","","","","","","3,000","","","","","","",""
"HUMAN : FALL FLAT ANNIVERSARY","RM5","10","","","","","","","","","","","","","","","","13,000","","","","","","",""
"HUMAN RESOURCE MACHINE DELUXE","RM5","10","","","","","","","","","","","","","","","","","","","","","","",""
"HUNTING SIMULATOR 2","RM45","60","","","","","","","","","","","","","","","","8,000","","","","","","",""
"HYRULE WARRIORS AGE OF CALAMITY ","RM45","60","","","","","","","","","","","","","","","","4,000","","","","","","",""
"HYRULE WARRIORS DEFINITIVE EDITION","RM65","90","","","","","","","","","","","","","","","","4,000","","","","","","",""
"I AM SETSUNA","RM5","10","","","","","","","","","","","","","","","","3,000","","","","","","",""
"ICE AGE SCRAT'S NUTTY ADVENTURE","RM35","50","","","","","","","","","","","","","","","","6,000","","","","","","",""
"IKAI","RM40","55","","","","","","","","","","","","","","","","8,000","","","","","","",""
"IMMORTAL FENXY","RM10","15","","","","","","","","","","","","","","","","4,000","","","","","","",""
"IMMORTAL REALMS : VAMPIRE WARS","RM15","20","","","","","","","","","","","","","","","","5,000","","","","","","",""
"INDIVISIBLE ","RM25","35","","","","","","","","","","","","","","","","4,000","","","","","","",""
"INFINITY STRASH DRAGON QUEST THE ADVENTURE OF DAI","RM20","30","","","","","","","","","","","","","","","","","","","","","","",""
"INSPECTOR GADGET MAD TIME PARTY","RM5","10","","","","","","","","","","","","","","","","","","","","","","",""
"INSTANT CHEF PARTY ","RM25","35","","","","","","","","","","","","","","","","10,000","","","","","","",""
"INSTANT SPORTS    ","RM25","35","","","","","","","","","","","","","","","","500","","","","","","",""
"INSTANT SPORTS : SUMMER GAMES","RM30","40","","","","","","","","","","","","","","","","2,000","","","","","","",""
"INSTANT SPORTS ALL STAR","RM25","35","","","","","","","","","","","","","","","","1,000","","","","","","",""
"INSTANT SPORTS PARADISE","RM35","50","","","","","","","","","","","","","","","","4,000","","","","","","",""
"INSTANT SPORTS PLUS","RM45","60","","","","","","","","","","","","","","","","5,000","","","","","","",""
"INSTANT SPORTS TENNIS","RM20","30","","","","","","","","","","","","","","","","5,000","","","","","","",""
"INSTANT SPORTS WINTER GAMES","RM30","40","","","","","","","","","","","","","","","","4,000","","","","","","",""
"INTO THE BREACH ","RM5","10","","","","","","","","","","","","","","","","2,000","","","","","","",""
"INTO THE DEAD 2","RM35","50","","","","","","","","","","","","","","","","2,000","","","","","","",""
"ION FURY","RM20","30","","","","","","","","","","","","","","","","","","","","","","",""
"IRIS FALL ","RM45","60","","","","","","","","","","","","","","","","2,000","","","","","","",""
"IS IT WRONG TO TRY TO PICK UP A GIRLS IN A DUNGEON ? INFINITE COMBATE","RM25","35","","","","","","","","","","","","","","","","6,000","","","","","","",""
"IT TAKES TWO","RM100","135","","","","","","","","","","","","","","","","2,000","","","","","","",""
"ITTLE DEW 2","RM25","35","","","","","","","","","","","","","","","","3,000","","","","","","",""
"JOHN WICK HEX","RM25","35","","","","","","","","","","","","","","","","3,000","","","","","","",""
"JOJO'S BIZARRE ADVENTURE : ALL-STAR BATTLE R","RM40","55","","","","","","","","","","","","","","","","8,000","","","","","","",""
"JOURNEY TO THE SAVAGE PLANET","RM25","35","","","","","","","","","","","","","","","","8,000","","","","","","",""
"JUJUTSU KAISEN CURSED CLASH","RM50","70","","","","","","","","","","","","","","","","","","","","","","",""
"JUMANJI THE VIDEO GAME ","RM20","30","","","","","","","","","","","","","","","","13,000","","","","","","",""
"JUMANJI WILD ADVENTURES","RM20","30","","","","","","","","","","","","","","","","","","","","","","",""
"JUMP FORCE DELUXE EDITION (US)","RM65","90","","","","","","","","","","","","","","","","3,000","","","","","","",""
"JUST DANCE 2017","","","","","","","","","","","","","","","","","","3,000","","","","","","",""
"JUST DANCE 2018","","","","","","","","","","","","","","","","","","4,000","","","","","","",""
"JUST DANCE 2019","","","","","","","","","","","","","","","","","","3,000","","","","","","",""
"JUST DANCE 2020","","","","","","","","","","","","","","","","","","500","","","","","","",""
"JUST DANCE 2021","","","","","","","","","","","","","","","","","","2,000","","","","","","",""
"JUST DANCE 2022","","","","","","","","","","","","","","","","","","2,000","","","","","","",""
"JUST DANCE 2023","","","","","","","","","","","","","","","","","","","","","","","","",""
"JUST DANCE 2024","","","","","","","","","","","","","","","","","","","","","","","","",""
"JUST DIE ALREADY","RM15","20","","","","","","","","","","","","","","","","1,000","","","","","","",""
"KAMEN RIDER CLIMAX SCRAMBLE","RM50","70","","","","","","","","","","","","","","","","8,000","","","","","","",""
"KAMEN RIDER: MEMORIES OF HEROEZ","RM50","70","","","","","","","","","","","","","","","","8,000","","","","","","",""
"KAMIWAZA WAY OF THE THIEF","RM15","20","","","","","","","","","","","","","","","","1,000","","","","","","",""
"KAO THE KANGAROO","RM25","35","","","","","","","","","","","","","","","","","","","","","","",""
"KATAMARI DAMACY REROLL","RM20","30","","","","","","","","","","","","","","","","4,000","","","","","","",""
"KATANA KAMI: A WAY IF THE SAMURAI STORY","RM5","10","","","","","","","","","","","","","","","","","","","","","","",""
"KAZE AND THE WILD MASKS","RM30","40","","","","","","","","","","","","","","","","5,000","","","","","","",""
"KERO BLASTER","RM25","35","","","","","","","","","","","","","","","","","","","","","","",""
"KEYWE","RM15","20","","","","","","","","","","","","","","","","6,000","","","","","","",""
"KILL LA KILL IF","RM30","40","","","","","","","","","","","","","","","","3,000","","","","","","",""
"KILLER QUEEN BLACK","RM10","15","","","","","","","","","","","","","","","","2,000","","","","","","",""
"KING'G BOUNTY II","RM20","30","","","","","","","","","","","","","","","","1,000","","","","","","",""
"KINGDOM COME DELIVERANCE","RM30","40","","","","","","","","","","","","","","","","","","","","","","",""
"KINGDOM HEARTS MELODY OF MEMORY","RM25","35","","","","","","","","","","","","","","","","4,000","","","","","","",""
"KINGDOM MAJESTIC","RM20","30","","","","","","","","","","","","","","","","8,000","","","","","","",""
"KINGDOMS OF AMALUR : RE-RECKONING","RM30","40","","","","","","","","","","","","","","","","15,000","","","","","","",""
"KIRBY AND THE FORGOTTEN LAND","RM100","135","","","","","","","","","","","","","","","","10,000","","","","","","",""
"KIRBY STAR ALLIES","RM85","115","","","","","","","","","","","","","","","","15,000","","","","","","",""
"KIRBY'S RETURN TO DREAM LAND DELUXE","RM90","120","","","","","","","","","","","","","","","","15,000","","","","","","",""
"KLONOA PHANTASY ","RM25","35","","","","","","","","","","","","","","","","2,000","","","","","","",""
"KNOCKOUT HOME FITNESS","RM35","50","","","","","","","","","","","","","","","","2,000","","","","","","",""
"KOTODAMA : THE 7 MYSTERIES OF FUJISAWA","RM20","30","","","","","","","","","","","","","","","","12,000","","","","","","",""
"KUKOOS: LOST PETS","RM30","40","","","","","","","","","","","","","","","","","","","","","","",""
"KUNIO KUN THE WORLD CLASSICS COLLECTION","RM40","55","","","","","","","","","","","","","","","","8,000","","","","","","",""
"L. A. NOIRE","RM5","10","","","","","","","","","","","","","","","","4,000","","","","","","",""
"L.O.L SURPRISE ! B.B.S BORN TO TRAVEL","RM20","30","","","","","","","","","","","","","","","","3,000","","","","","","",""
"L.O.L SURPRISE ! MOVIE NIGHT","RM25","35","","","","","","","","","","","","","","","","15,000","","","","","","",""
"LA-MULANA 1 AND 2 : HIDDEN TREASURES EDITION","RM5","10","","","","","","","","","","","","","","","","5,000","","","","","","",""
"LABYRINTH OF GALLERIA: THE MOON SOCIETY","RM70","95","","","","","","","","","","","","","","","","","","","","","","",""
"LABYRINTH OF REFRAIN : COVEN OF DUSK","RM15","20","","","","","","","","","","","","","","","","2,000","","","","","","",""
"LANGRISSER 1 AND 2","RM45","60","","","","","","","","","","","","","","","","500","","","","","","",""
"LAPIS X LABYRINTH","RM25","35","","","","","","","","","","","","","","","","4,000","","","","","","",""
"LAYTON'S MYSTERY JOURNEY : KATRIELLE AND THE MILLIONAIRES' CONSIPIRACY DELUXE EDITION","RM30","40","","","","","","","","","","","","","","","","7,000","","","","","","",""
"LEGACY OF THE DUELIST","RM25","35","","","","","","","","","","","","","","","","1,000","","","","","","",""
"LEGEND OF KAY","RM25","35","","","","","","","","","","","","","","","","7,000","","","","","","",""
"LEGENDARY FISHING","RM20","30","","","","","","","","","","","","","","","","3,000","","","","","","",""
"LEGO 2K DRIVE","RM45","60","","","","","","","","","","","","","","","","","","","","","","",""
"LEGO BRAWLS","RM35","50","","","","","","","","","","","","","","","","7,000","","","","","","",""
"LEGO CITY UNDERCOVER","RM45","60","","","","","","","","","","","","","","","","2,000","","","","","","",""
"LEGO DC SUPER VILLAINS","RM30","40","","","","","","","","","","","","","","","","4,000","","","","","","",""
"LEGO HARRY POTTER COLLECTION","RM25","35","","","","","","","","","","","","","","","","500","","","","","","",""
"LEGO HORIZON ADVENTURES","RM70","95","","","","","","","","","","","","","","","","","","","","","","",""
"LEGO INCREDIBLES","RM30","40","","","","","","","","","","","","","","","","5,000","","","","","","",""
"LEGO JURASSIC WORLD","RM45","60","","","","","","","","","","","","","","","","2,000","","","","","","",""
"LEGO MARVEL SUPER HEROES ","RM35","50","","","","","","","","","","","","","","","","","","","","","","",""
"LEGO MARVEL SUPER HEROES 2","RM35","50","","","","","","","","","","","","","","","","10,000","","","","","","",""
"LEGO MOVIE 2 VIDEOGAME","RM35","50","","","","","","","","","","","","","","","","7,000","","","","","","",""
"LEGO STAR WARS SKYWALKER SAGA","RM50","70","","","","","","","","","","","","","","","","5,000","","","","","","",""
"LEGO WORLDS","RM40","55","","","","","","","","","","","","","","","","7,000","","","","","","",""
"LEMON CAKE","RM45","60","","","","","","","","","","","","","","","","5,000","","","","","","",""
"LET'S BUILD A ZOO ","RM35","50","","","","","","","","","","","","","","","","8,000","","","","","","",""
"LET'S SING 2020","","","","","","","","","","","","","","","","","","","","","","","","",""
"LIBERATED: ENCHANCED EDITION","RM15","RM20","","","","","","","","","","","","","","","","","","","","","","",""
"LIFE IS STRANGE","RM35","50","","","","","","","","","","","","","","","","10,000","","","","","","",""
"LIMITED RUN AXIOM VERGE 1 2 DOUBLE PACK","RM5","10","","","","","","","","","","","","","","","","","","","","","","",""
"LITTLE DRAGONS CAFE","RM20","30","","","","","","","","","","","","","","","","15,000","","","","","","",""
"LITTLE FRIENDS DOGS & CATS","RM25","35","","","","","","","","","","","","","","","","10,000","","","","","","",""
"LITTLE LEAGUE WORLD SERIES BASEBALL","RM5","10","","","","","","","","","","","","","","","","6,000","","","","","","",""
"LITTLE NIGHTMARES","RM30","40","","","","","","","","","","","","","","","","5,000","","","","","","",""
"LITTLE NIGHTMARE 2","RM70","95","","","","","","","","","","","","","","","","","","","","","","",""
"LITTLE NIGHTMARE 3","RM50","70","","","","","","","","","","","","","","","","2,000","","","","","","",""
"LITTLE NIGHTMARES COMPLETE EDITION","RM100","135","","","","","","","","","","","","","","","","","","","","","","",""
"LITTLE TOWN HERO BIG IDEA EDITION","RM30","40","","","","","","","","","","","","","","","","2,000","","","","","","",""
"LIVE A LIVE","RM5","10","","","","","","","","","","","","","","","","8,000","","","","","","",""
"LIVESTREAM 2: ESCAPE FROM TOGAEZUKA HAPPY PLACE","RM40","55","","","","","","","","","","","","","","","","","","","","","","",""
"LOONEY TUNES WACKY WORLD OF SPORTS","RM30","40","","","","","","","","","","","","","","","","","","","","","","",""
"LOST CHILD","RM40","55","","","","","","","","","","","","","","","","1,000","","","","","","",""
"LOST SPHEAR","RM15","20","","","","","","","","","","","","","","","","2,000","","","","","","",""
"LOVER PRETEND","RM40","55","","","","","","","","","","","","","","","","2,000","","","","","","",""
"LUIGI'S MANSION 2","RM90","120","","","","","","","","","","","","","","","","","","","","","","",""
"LUIGI'S MANSION 3","RM100","135","","","","","","","","","","","","","","","","5,000","","","","","","",""
"LUMO","RM20","30","","","","","","","","","","","","","","","","3,000","","","","","","",""
"MAD RED DEAD ","RM5","10","","","","","","","","","","","","","","","","4,000","","","","","","",""
"MADE IN ABYSS : BINARY STAR FALLING INTO DARKNESS","RM60","80","","","","","","","","","","","","","","","","6,000","","","","","","",""
"MAGLAM LORD","RM45","60","","","","","","","","","","","","","","","","","","","","","","",""
"MANEATER","RM40","55","","","","","","","","","","","","","","","","4,000","","","","","","",""
"MARIO & LUIGI: BROTHERSHIP","RM80","110","","","","","","","","","","","","","","","","","","","","","","",""
"MARIO & SONIC AT THE OLYMPIC GAMES: TOKYO 2020","RM115","155","","","","","","","","","","","","","","","","13,000","","","","","","",""
"MARIO + RABBIDS KINGDOM BATTLE","RM70","95","","","","","","","","","","","","","","","","4,000","","","","","","",""
"MARIO + RABBIDS SPARKS OF HOPE","RM70","95","","","","","","","","","","","","","","","","4,000","","","","","","",""
"MARIO GOLF SUPER RUSH","RM90","120","","","","","","","","","","","","","","","","3,000","","","","","","",""
"MARIO KART 8 DELUXE","RM120","160","","","","","","","","","","","","","","","","6,000","","","","","","",""
"MARIO KART 8 DELUXE + BOOSTER COURSE PASS","RM150","200","","","","","","","","","","","","","","","","","","","","","","",""
"MARIO PARTY SUPERSTARS","RM140","160","","","","","","","","","","","","","","","","4,000","","","","","","",""
"MARIO STRIKERS: BATTLE LEAGUE","RM75","100","","","","","","","","","","","","","","","","500","","","","","","",""
"MARIO TENNIS ACES","RM90","110","","","","","","","","","","","","","","","","4,000","","","","","","",""
"MARIO VS DONKEY KONG","RM105","140","","","","","","","","","","","","","","","","","","","","","","",""
"MARRY SKELTER FINALE","RM20","30","","","","","","","","","","","","","","","","2,000","","","","","","",""
"MARISA OF LIARTOP MOUNTAIN","RM40","55","","","","","","","","","","","","","","","","","","","","","","",""
"MARTIAN PANIC BUNDLE","RM5","10","","","","","","","","","","","","","","","","","","","","","","",""
"MARVEL ULTIMATE ALLIANCE 3 THE BLACK ORDER","RM60","80","","","","","","","","","","","","","","","","2,000","","","","","","",""
"MARVEL VS CAPCOM FIGHTING COLLECTION","RM65","90","","","","","","","","","","","","","","","","","","","","","","",""
"MASTER DETECTIVE ARCHIVES: RAINCODE ","RM50","70","","","","","","","","","","","","","","","","","","","","","","",""
"MATCHPOINT : TENNIS CHAMPIONSHIPS ","RM25","35","","","","","","","","","","","","","","","","2,000","","","","","","",""
"MATSUPILAMI : HOOBADVENTURE","RM30","40","","","","","","","","","","","","","","","","6,000","","","","","","",""
"MAX : THE CURSE OF BROTHERHOOD","RM20","30","","","","","","","","","","","","","","","","1,000","","","","","","",""
"MAYS MYSTERIES THE SECRET OF DRAGONVILLE","RM30","40","","","","","","","","","","","","","","","","","","","","","","",""
"MEGA MAN BATTLE NETWORK LEGACY COLLECTION","RM60","80","","","","","","","","","","","","","","","","500","","","","","","",""
"MEGA MAN LEGACY COLLECTION (NOT INCLUDING MEGAMAN 7-10)","RM30","40","","","","","","","","","","","","","","","","4,000","","","","","","",""
"MEGA MAN X LEGACY COLLECTION (NO X5-X8)","RM35","50","","","","","","","","","","","","","","","","5,000","","","","","","",""
"MEGA MAN ZERO/ZX LEGACY COLLECTION","RM35","50","","","","","","","","","","","","","","","","3,000","","","","","","",""
"MEGAMAN 11","RM40","55","","","","","","","","","","","","","","","","2,000","","","","","","",""
"MEMORIES OF HISTORIA VOL 1","RM40","55","","","","","","","","","","","","","","","","","","","","","","",""
"MEMORIES OF HISTORIA VOL 2","RM50","70","","","","","","","","","","","","","","","","","","","","","","",""
"MERCENARIES SAGA CHRONICLES","RM5","10","","","","","","","","","","","","","","","","7,000","","","","","","",""
"METAL GEAR SOLID: MASTER COLLECTION VOL 1","RM40","55","","","","","","","","","","","","","","","","","","","","","","",""
"METAL MAX XENO REBORN ","RM45","60","","","","","","","","","","","","","","","","2,000","","","","","","",""
"METRO REDUX","RM30","40","","","","","","","","","","","","","","","","3,000","","","","","","",""
"METROID DREAD","RM25","35","","","","","","","","","","","","","","","","6,000","","","","","","",""
"METROID PRIME REMASTERED","RM30","40","","","","","","","","","","","","","","","","1,000","","","","","","",""
"METROID PRIME 4: BEYOND","RM50","70","","","","","","","","","","","","","","","","","","","","","","",""
"MIGHT & MAGIC: CLASH OF HEROES DEFINITIVE EDITION","RM15","20","","","","","","","","","","","","","","","","","","","","","","",""
"MIGHTY MORPHIN POWER RANGERS: RITA'S REWIND","RM35","50","","","","","","","","","","","","","","","","","","","","","","",""
"MIITOPIA","RM45","60","","","","","","","","","","","","","","","","6,000","","","","","","",""
"MINECRAFT","RM80","110","","","","","","","","","","","","","","","","","","","","","","",""
"MINECRAFT DUNGEONS HERO","RM70","95","","","","","","","","","","","","","","","","6,000","","","","","","",""
"MINECRAFT DUNGEONS ULTIMATE","RM70","95","","","","","","","","","","","","","","","","6,000","","","","","","",""
"MINECRAFT LEGENDS","RM70","95","","","","","","","","","","","","","","","","2,000","","","","","","",""
"MINECRAFT STORY MODE - THE COMPLETE ADVENTURE","RM60","80","","","","","","","","","","","","","","","","1,000","","","","","","",""
"MINECRAFT STORY MODE SEASON 2","RM80","110","","","","","","","","","","","","","","","","7,000","","","","","","",""
"MINNA OF KUUKIYOMI COROCORO COMIC VER","RM5","10","","","","","","","","","","","","","","","","12,000","","","","","","",""
"MISS KOBAYASHI'S DRAGON MAID : BURST FORTH !! CHORO-GON BREATH","RM30","40","","","","","","","","","","","","","","","","6,500","","","","","","",""
"MISTOVER","RM5","10","","","","","","","","","","","","","","","","13,000","","","","","","",""
"MLB THE SHOW 22","","","","","","","","","","","","","","","","","","2,000","","","","","","",""
"MOBILE SUIT GUNDAM SEED: BATTLE DESTINY","RM35","50","","","","","","","","","","","","","","","","","","","","","","",""
"MON-YU","RM5","10","","","","","","","","","","","","","","","","","","","","","","",""
"MONARK","RM25","35","","","","","","","","","","","","","","","","5,000","","","","","","",""
"MONKEY BARRELS","RM15","20","","","","","","","","","","","","","","","","","","","","","","",""
"MONOPOLY","RM45","60","","","","","","","","","","","","","","","","2,000","","","","","","",""
"MONOPOLY + MONOPOLY MADNESS","RM60","80","","","","","","","","","","","","","","","","3,500","","","","","","",""
"MONOPOLY MADNESS","RM30","40","","","","","","","","","","","","","","","","","","","","","","",""
"MONSTER BOY AND THE CURSED KINGDOM","RM5","10","","","","","","","","","","","","","","","","2,000","","","","","","",""
"MONSTER CROWN ","RM35","50","","","","","","","","","","","","","","","","7,000","","","","","","",""
"MONSTER ENERGY SUPERCROSS - THE OFFICIAL VIDEO GAME","RM20","30","","","","","","","","","","","","","","","","10,000","","","","","","",""
"MONSTER ENERGY SUPERCROSS - THE OFFICIAL VIDEO GAME 2","RM30","40","","","","","","","","","","","","","","","","7,000","","","","","","",""
"MONSTER ENERGY SUPERCROSS - THE OFFICIAL VIDEO GAME 3","RM45","60","","","","","","","","","","","","","","","","5,000","","","","","","",""
"MONSTER HARVEST","RM20","30","","","","","","","","","","","","","","","","7,000","","","","","","",""
"MONSTER HUNTER GENERATION ULTIMATE","RM15","20","","","","","","","","","","","","","","","","2,000","","","","","","",""
"MONSTER HUNTER RISE (ALL VERSION)","RM15","20","","","","","","","","","","","","","","","","4,000","","","","","","",""
"MONSTER HUNTER STORIES 2","RM20","30","","","","","","","","","","","","","","","","7,000","","","","","","",""
"MONSTER HUNTER XX (JAPANESE ONLY)","RM5","10","","","","","","","","","","","","","","","","2,000","","","","","","",""
"MONSTER JAM : CRUSH IT! ","RM30","40","","","","","","","","","","","","","","","","4,000","","","","","","",""
"MONSTER JAM STEEL TITANS  ","RM25","35","","","","","","","","","","","","","","","","","","","","","","",""
"MONSTER JAM STEEL TITANS 2","RM30","40","","","","","","","","","","","","","","","","","","","","","","",""
"MONSTER MENU: THE SCAVENGER'S COOKBOOK","RM70","95","","","","","","","","","","","","","","","","","","","","","","",""
"MONSTER TRUCK CHAMPIONSHIP","RM40","55","","","","","","","","","","","","","","","","","","","","","","",""
"MONSTRUM","RM25","35","","","","","","","","","","","","","","","","","","","","","","",""
"MOONLIGHTER","RM30","40","","","","","","","","","","","","","","","","","","","","","","",""
"MORTAL KOMBAT 1","RM35","50","","","","","","","","","","","","","","","","","","","","","","",""
"MORTAL KOMBAT 11","RM60","80","","","","","","","","","","","","","","","","","","","","","","",""
"MORTAL SHELL COMPLETE EDITION","RM45","60","","","","","","","","","","","","","","","","","","","","","","",""
"MOTO RACER 4","RM25","35","","","","","","","","","","","","","","","","","","","","","","",""
"MOTOGP 18","","","","","","","","","","","","","","","","","","","","","","","","",""
"MOTOGP 19","","","","","","","","","","","","","","","","","","","","","","","","",""
"MOTOGP 22","","","","","","","","","","","","","","","","","","","","","","","","",""
"MOTOGP 23","","","","","","","","","","","","","","","","","","","","","","","","",""
"MOTOGP 24","RM50","70","","","","","","","","","","","","","","","","","","","","","","",""
"MOTOGP 25","RM65","90","","","","","","","","","","","","","","","","","","","","","","",""
"MOVING OUT","RM50","70","","","","","","","","","","","","","","","","","","","","","","",""
"MOVING OUT 2","RM85","115","","","","","","","","","","","","","","","","","","","","","","",""
"MUDRUNNER - AMERICAN WILDS","RM35","50","","","","","","","","","","","","","","","","","","","","","","",""
"MUSYNX","RM5","10","","","","","","","","","","","","","","","","","","","","","","",""
"MUTANT FOOTBALL LEAGUE ","RM20","30","","","","","","","","","","","","","","","","","","","","","","",""
"MUTANT YEAR ZERO : ROAD TO EDEN ","RM20","30","","","","","","","","","","","","","","","","","","","","","","",""
"MX VS ATV ALL OUT","RM30","40","","","","","","","","","","","","","","","","","","","","","","",""
"MXGP3 THE OFFICIAL MOTOCROSS VIDEOGAME","RM35","50","","","","","","","","","","","","","","","","","","","","","","",""
"MY DRILLER: DRIL LAND","RM5","10","","","","","","","","","","","","","","","","","","","","","","",""
"MY FRIEND PEDRO ","RM25","35","","","","","","","","","","","","","","","","","","","","","","",""
"MY FRIEND PEPPA PIG ","RM35","50","","","","","","","","","","","","","","","","","","","","","","",""
"MY HERO ONE'S JUSTICE","RM25","35","","","","","","","","","","","","","","","","","","","","","","",""
"MY HERO ONE JUSTICE 2","RM30","40","","","","","","","","","","","","","","","","","","","","","","",""
"MY LITTLE PONY : A MARETIME BAY ADVENTURE","RM45","60","","","","","","","","","","","","","","","","","","","","","","",""
"MY LITTLE RIDING CHAMPION","RM45","60","","","","","","","","","","","","","","","","","","","","","","",""
"MY RIDDING STABLES : LIFE WITH HORSES","RM45","60","","","","","","","","","","","","","","","","","","","","","","",""
"MY SIMS COZY BUNDLE","RM30","40","","","","","","","","","","","","","","","","","","","","","","",""
"MY SINGING MONSTERS PLAYGROUND ","RM30","40","","","","","","","","","","","","","","","","","","","","","","",""
"MY TIME AT PORTIA","RM25","35","","","","","","","","","","","","","","","","","","","","","","",""
"MY TIME AT SANDROCK","RM40","55","","","","","","","","","","","","","","","","","","","","","","",""
"MY UNIVERSE : COOKING STAR RESTAURANT","RM25","35","","","","","","","","","","","","","","","","","","","","","","",""
"MY UNIVERSE : DOCTORS AND NURSES","RM30","40","","","","","","","","","","","","","","","","","","","","","","",""
"MY UNIVERSE : FASHION BOUTIQUE","RM25","35","","","","","","","","","","","","","","","","","","","","","","",""
"MY UNIVERSE : GREEN ADVENTURE FARMER FRIENDS","RM25","35","","","","","","","","","","","","","","","","","","","","","","",""
"MY UNIVERSE : INTERIOR DESIGNER","RM25","35","","","","","","","","","","","","","","","","","","","","","","",""
"MY UNIVERSE : MY BABY ","RM25","35","","","","","","","","","","","","","","","","","","","","","","",""
"MY UNIVERSE : PET CLINIC CATS AND DOGS","RM25","35","","","","","","","","","","","","","","","","","","","","","","",""
"MY UNIVERSE : PUPPIES AND KITTENS","RM25","35","","","","","","","","","","","","","","","","","","","","","","",""
"MY UNIVERSE : SCHOOL TEACHER ","RM30","40","","","","","","","","","","","","","","","","","","","","","","",""
"NAMCO MUSEUM ARCADE PAC","RM40","55","","","","","","","","","","","","","","","","","","","","","","",""
"NAMCOT COLLECTION (US)","RM5","10","","","","","","","","","","","","","","","","","","","","","","",""
"NARCOS RISE OF THE CARTELS","RM20","30","","","","","","","","","","","","","","","","","","","","","","",""
"NARUTO SHIPPUDEN ULTIMATE NINJA STORM 4 ROAD TO BORUTO","RM30","40","","","","","","","","","","","","","","","","","","","","","","",""
"NARUTO SHIPPUDEN ULTIMATE NINJA STORM TRILOGY (JPN)","RM60","80","","","","","","","","","","","","","","","","","","","","","","",""
"NARUTO X BORUTO ULTIMATE NINJA STORM CONNECTIONS","RM85","115","","","","","","","","","","","","","","","","","","","","","","",""
"NASCAR HEAT","RM25","35","","","","","","","","","","","","","","","","","","","","","","",""
"NASCAR RIVALS ","RM45","60","","","","","","","","","","","","","","","","","","","","","","",""
"NATSU-MON: 20TH CENTURY SUMMER KID","RM35","50","","","","","","","","","","","","","","","","","","","","","","",""
"NATSUME'S BOOK OF FRIENDS: HAZUKI NO SHIRUSHI (JP/CHI)","RM5","10","","","","","","","","","","","","","","","","","","","","","","",""
"NBA 2K18","","","","","","","","","","","","","","","","","","","","","","","","",""
"NBA 2K19","","","","","","","","","","","","","","","","","","","","","","","","",""
"NBA 2K20","","","","","","","","","","","","","","","","","","","","","","","","",""
"NBA 2K21 STANDARD EDITION (US)","","","","","","","","","","","","","","","","","","","","","","","","",""
"NBA 2K22","","","","","","","","","","","","","","","","","","","","","","","","",""
"NBA 2K23","","","","","","","","","","","","","","","","","","","","","","","","",""
"NBA 2K24","RM20","35","","","","","","","","","","","","","","","","","","","","","","",""
"NBA 2K25","RM25","35","","","","","","","","","","","","","","","","","","","","","","",""
"NBA 2K26","RM45","60","","","","","","","","","","","","","","","","","","","","","","",""
"NBA PLAYGROUNDS 2","RM25","35","","","","","","","","","","","","","","","","","","","","","","",""
"NEED FOR SPEED HOT PURSUIT","RM65","90","","","","","","","","","","","","","","","","","","","","","","",""
"NELKE AND THE LEGENDARY ALCHEMISTS: ATELIERS OF THE NEW WORLD","RM40","55","","","","","","","","","","","","","","","","","","","","","","",""
"NEO : THE WORLD ENDS WITH YOU","RM30","40","","","","","","","","","","","","","","","","","","","","","","",""
"NEO ATLAS 1469","RM10","15","","","","","","","","","","","","","","","","","","","","","","",""
"NEO CAB","RM15","20","","","","","","","","","","","","","","","","","","","","","","",""
"NEOGEO POCKET COLOR SELECTION Vol.1","RM25","35","","","","","","","","","","","","","","","","","","","","","","",""
"NEON WHITE","RM25","35","","","","","","","","","","","","","","","","","","","","","","",""
"NEPTUNIA GAME MAKER R:EVOLUTION","RM5","10","","","","","","","","","","","","","","","","","","","","","","",""
"NEPTUNIA X SENRAN KAGURA : NINJA WARS","RM75","100","","","","","","","","","","","","","","","","","","","","","","",""
"NERF LEGENDS","RM35","50","","","","","","","","","","","","","","","","","","","","","","",""
"NEVA","RM30","40","","","","","","","","","","","","","","","","","","","","","","",""
"NEVERSONG & PINSTRIPE 2 IN 1","RM5","10","","","","","","","","","","","","","","","","","","","","","","",""
"NEW POKEMON SNAP ","RM75","100","","","","","","","","","","","","","","","","","","","","","","",""
"NEW SUPER LUCKY'S TALE ","RM25","35","","","","","","","","","","","","","","","","","","","","","","",""
"NEXOMON : EXTINCTION ","RM20","30","","","","","","","","","","","","","","","","","","","","","","",""
"NEXOMON PLUS NEXOMON EXTICTION : COMPLETE COLLECTION","RM40","55","","","","","","","","","","","","","","","","","","","","","","",""
"NHRA CHAMPIONSHIP DRAG RACING : SPEED FOR ALL","RM5","10","","","","","","","","","","","","","","","","","","","","","","",""
"NINE SOLS","RM70","95","","","","","","","","","","","","","","","","","","","","","","",""
"NI NO KUNI 2","RM40","55","","","","","","","","","","","","","","","","","","","","","","",""
"NI NO KUNI WRATH OF THE WHITE WITCH REMASTERED","RM35","50","","","","","","","","","","","","","","","","","","","","","","",""
"NICKELODEON ALL STAR BRAWL","RM30","40","","","","","","","","","","","","","","","","","","","","","","",""
"NICKELODEON ALL-STAR BRAWL 2","RM30","40","","","","","","","","","","","","","","","","","","","","","","",""
"NICKELODEON KART RACERS   ","RM45","60","","","","","","","","","","","","","","","","","","","","","","",""
"NICKELODEON KART RACERS 2 : GRAND PRIX","RM30","40","","","","","","","","","","","","","","","","","","","","","","",""
"NICKELODEON KART RACERS 3 : SLIME SPEEDWAY","RM45","60","","","","","","","","","","","","","","","","","","","","","","",""
"NIER AUTOMATA","RM30","40","","","","","","","","","","","","","","","","","","","","","","",""
"NIGHTS OF AZURE 2","RM25","35","","","","","","","","","","","","","","","","","","","","","","",""
"NINJA GAIDEN MASTER COLLECTION","RM100","135","","","","","","","","","","","","","","","","","","","","","","",""
"NINTENDO LABO TOY-CON 1/2/3","","","","","","","","","","","","","","","","","","","","","","","","",""
"NINTENDO SWITCH SPORTS","RM135","155","","","","","","","","","","","","","","","","","","","","","","",""
"NINTENDO WORLD CHAMPIONSHIPS NES EDITION","RM30","40","","","","","","","","","","","","","","","","","","","","","","",""
"NO MAN'S SKY ","RM40","55","","","","","","","","","","","","","","","","","","","","","","",""
"NO MORE HEROES 3","RM5","10","","","","","","","","","","","","","","","","","","","","","","",""
"NO STRAIGHT ROADS STANDARD EDITION","RM15","20","","","","","","","","","","","","","","","","","","","","","","",""
"NORN 9","RM50","70","","","","","","","","","","","","","","","","","","","","","","",""
"NORTHGARD","RM25","35","","","","","","","","","","","","","","","","","","","","","","",""
"NURSE LOVE OBSESSION ","RM35","50","","","","","","","","","","","","","","","","","","","","","","",""
"OCTOPATH TRAVELER","RM40","55","","","","","","","","","","","","","","","","","","","","","","",""
"OCTOPATH TRAVELER 0 ","RM65","90","","","","","","","","","","","","","","","","","","","","","","",""
"OCTOPATH TRAVELER 2","RM45","60","","","","","","","","","","","","","","","","","","","","","","",""
"ODDWORLD : MUNCH ODDYSEE","RM20","30","","","","","","","","","","","","","","","","","","","","","","",""
"ODDWORLD : NEW 'N' TASTY","RM25","35","","","","","","","","","","","","","","","","","","","","","","",""
"ODDWORLD : STRANGER'S WRATH","RM20","30","","","","","","","","","","","","","","","","","","","","","","",""
"ODDWORLD COLLECTION ","RM45","60","","","","","","","","","","","","","","","","","","","","","","",""
"OFFROAD RACING","RM30","40","","","","","","","","","","","","","","","","","","","","","","",""
"OKAMI HD","RM5","10","","","","","","","","","","","","","","","","","","","","","","",""
"OLYMPIA SOIREE","RM45","60","","","","","","","","","","","","","","","","","","","","","","",""
"OLYMPIC GAMES TOKYO 2020 THE OFFICIAL VIDEO GAME","RM45","60","","","","","","","","","","","","","","","","","","","","","","",""
"OMEGA LABYRINTH LIFT","RM50","70","","","","","","","","","","","","","","","","","","","","","","",""
"OMORI","RM5","10","","","","","","","","","","","","","","","","","","","","","","",""
"ONE PIECE ODYSSEY","RM60","80","","","","","","","","","","","","","","","","","","","","","","",""
"ONE PIECE PIRATE WARRIORS 3 DELUXE EDITION","RM45","60","","","","","","","","","","","","","","","","","","","","","","",""
"ONE PIECE PIRATE WARRIORS 4","RM35","50","","","","","","","","","","","","","","","","","","","","","","",""
"ONE PIECE UNLIMITED WORLD RED DELUXE EDITION","RM50","70","","","","","","","","","","","","","","","","","","","","","","",""
"ONI : ROAD TO BE THE MIGHTIEST ONI","RM10","15","","","","","","","","","","","","","","","","","","","","","","",""
"ONIMUSHA WARLORD","RM5","10","","","","","","","","","","","","","","","","","","","","","","",""
"ONINAKI","RM20","30","","","","","","","","","","","","","","","","","","","","","","",""
"OPUS: ECHO OF STARSONG","RM40","55","","","","","","","","","","","","","","","","","","","","","","",""
"ORI AND THE BLIND FOREST","RM25","35","","","","","","","","","","","","","","","","","","","","","","",""
"ORI AND THE WILL OF THE WISPS","RM20","30","","","","","","","","","","","","","","","","","","","","","","",""
"ORI THE COLLECTION","RM30","40","","","","","","","","","","","","","","","","","","","","","","",""
"OUR WORLD IS ENDED","RM25","35","","","","","","","","","","","","","","","","","","","","","","",""
"OVERCOOKED! 2","RM50","70","","","","","","","","","","","","","","","","","","","","","","",""
"OVERCOOKED! ALL YOU CAN EAT","RM95","125","","","","","","","","","","","","","","","","","","","","","","",""
"OVERCOOKED! SPECIAL EDITION","RM5","10","","","","","","","","","","","","","","","","","","","","","","",""
"OVERCOOKED! SPECIAL EDITION + OVERCOOKED! 2","RM60","80","","","","","","","","","","","","","","","","","","","","","","",""
"OVERPASS","RM35","50","","","","","","","","","","","","","","","","","","","","","","",""
"OVERRIDE 2 : SUPER MECH LEAGUE","RM20","30","","","","","","","","","","","","","","","","","","","","","","",""
"OWLBOY","RM30","40","","","","","","","","","","","","","","","","","","","","","","",""
"OXIDE ROOM 104","RM35","50","","","","","","","","","","","","","","","","","","","","","","",""
"PAC-MAN WORLD 2 RE-PAC","RM45","60","","","","","","","","","","","","","","","","","","","","","","",""
"PAC-MAN WORLD RE-PAC","RM40","55","","","","","","","","","","","","","","","","","","","","","","",""
"PAPER MARIO THE ORIGAMI KING","RM70","95","","","","","","","","","","","","","","","","","","","","","","",""
"PAPER MARIO: THE THOUSAND-YEAR DOOR HD","RM80","110","","","","","","","","","","","","","","","","","","","","","","",""
"PARTY PLANET ","RM5","10","","","","","","","","","","","","","","","","","","","","","","",""
"PAW PATROL MIGHTY PUPS SAVE ADVENTURE BAY !","RM35","50","","","","","","","","","","","","","","","","","","","","","","",""
"PAW PATROL ON A ROLL","RM30","40","","","","","","","","","","","","","","","","","","","","","","",""
"PAW PATROL WORLD","RM35","50","","","","","","","","","","","","","","","","","","","","","","",""
"PAW PATROL : GRAND PRIX","RM35","50","","","","","","","","","","","","","","","","","","","","","","",""
"PAW PATROL THE MOVIE ADVENTURE CITY CALLS ","RM35","50","","","","","","","","","","","","","","","","","","","","","","",""
"PAYDAY 2","RM45","60","","","","","","","","","","","","","","","","","","","","","","",""
"PEAKY BLINDERS : MASTERMIND","RM30","40","","","","","","","","","","","","","","","","","","","","","","",""
"PENGUIN WARS ","RM5","10","","","","","","","","","","","","","","","","","","","","","","",""
"PENNY - PUNCHING PRINCESS","RM25","35","","","","","","","","","","","","","","","","","","","","","","",""
"PEPPA PIG: WORLD ADVENTURES","RM50","70","","","","","","","","","","","","","","","","","","","","","","",""
"PERSONA 5 ROYAL","RM60","80","","","","","","","","","","","","","","","","","","","","","","",""
"PERSONA 5 SCRAMBLE ","RM40","55","","","","","","","","","","","","","","","","","","","","","","",""
"PERSONA 5 STRIKERS","RM30","40","","","","","","","","","","","","","","","","","","","","","","",""
"PERSONA 5 TACTICA","RM40","55","","","","","","","","","","","","","","","","","","","","","","",""
"PGA TOUR 2K21","","","","","","","","","","","","","","","","","","","","","","","","",""
"PHOENIX WRIGHT ACE ATTORNEY 123","RM5","10","","","","","","","","","","","","","","","","","","","","","","",""
"PICZLE PUZZLE PACK (JPN/ENG)","RM5","10","","","","","","","","","","","","","","","","","","","","","","",""
"PIKMIN 1 + 2","RM60","80","","","","","","","","","","","","","","","","","","","","","","",""
"PIKMIN 3 DELUXE","RM65","90","","","","","","","","","","","","","","","","","","","","","","",""
"PIKMIN 4","RM60","80","","","","","","","","","","","","","","","","","","","","","","",""
"PIOFIORE : FATED MEMORIES","RM30","40","","","","","","","","","","","","","","","","","","","","","","",""
"PIXARK ","RM20","30","","","","","","","","","","","","","","","","","","","","","","",""
"PJ MASKS : HEROES OF THE NIGHT ","RM25","35","","","","","","","","","","","","","","","","","","","","","","",""
"PLANESCAPE TORMENT ICEWIND ENHANCED EDITION","RM25","35","","","","","","","","","","","","","","","","","","","","","","",""
"PLANTS VS ZOMBIES : BATTLE FOR NEIGHBORVILLE","RM40","55","","","","","","","","","","","","","","","","","","","","","","",""
"PLATE UP","RM25","35","","","","","","","","","","","","","","","","","","","","","","",""
"POCKY AND ROCKY RESHRINED","RM25","35","","","","","","","","","","","","","","","","","","","","","","",""
"POI : EXPLORER EDITION ","RM5","10","","","","","","","","","","","","","","","","","","","","","","",""
"POISON CONTROL CONTAMINATED","RM20","30","","","","","","","","","","","","","","","","","","","","","","",""
"POKEMON BRILLIANT DIAMOND","RM75","100","","","","","","","","","","","","","","","","","","","","","","",""
"POKEMON LEGEND Z-A","RM130","150","","","","","","","","","","","","","","","","","","","","","","",""
"POKEMON LEGENDS ARCEUS","RM95","130","","","","","","","","","","","","","","","","","","","","","","",""
"POKEMON LET'S GO EEVEE","RM75","100","","","","","","","","","","","","","","","","","","","","","","",""
"POKEMON LET'S GO PIKACHU","RM85","115","","","","","","","","","","","","","","","","","","","","","","",""
"POKEMON MYSTERY DUNGEON DX","RM85","115","","","","","","","","","","","","","","","","","","","","","","",""
"POKEMON SCARLET","RM80","110","","","","","","","","","","","","","","","","","","","","","","",""
"POKEMON SCARLET & POKEMON VIOLET DOUBLE PACK","","","","","","","","","","","","","","","","","","","","","","","","",""
"POKEMON SCARLET + HIDDEN TREASURE OF ZERO AREA DLC BUNDLE PACKS","RM145","195","","","","","","","","","","","","","","","","","","","","","","",""
"POKEMON SHIELD","RM75","100","","","","","","","","","","","","","","","","","","","","","","",""
"POKEMON SHIELD + EXPANSION PACK","RM125","RM170","","","","","","","","","","","","","","","","","","","","","","",""
"POKEMON SHINING PEARL","RM70","95","","","","","","","","","","","","","","","","","","","","","","",""
"POKEMON SHINING PEARL & BRILLIANT DIAMOND DUAL PACK","","","","","","","","","","","","","","","","","","","","","","","","",""
"POKEMON SNAP","RM85","115","","","","","","","","","","","","","","","","","","","","","","",""
"POKEMON SWORD","RM75","100","","","","","","","","","","","","","","","","","","","","","","",""
"POKEMON SWORD + EXPANSION PACK","RM125","170","","","","","","","","","","","","","","","","","","","","","","",""
"POKEMON VIOLET","RM80","110","","","","","","","","","","","","","","","","","","","","","","",""
"POKEMON VIOLET + HIDDEN TREASURE OF ZERO AREA DLC BUNDLE PACKS","RM155","205","","","","","","","","","","","","","","","","","","","","","","",""
"POKKEN TOURNAMENT DX","RM90","120","","","","","","","","","","","","","","","","","","","","","","",""
"PORTAL KNIGHTS","RM20","30","","","","","","","","","","","","","","","","","","","","","","",""
"PORY ROYALE 4","RM30","40","","","","","","","","","","","","","","","","","","","","","","",""
"POTION PERMIT ","RM30","40","","","","","","","","","","","","","","","","","","","","","","",""
"POWER RANGERS : BATTLE FOR THE GRID    ","RM35","50","","","","","","","","","","","","","","","","","","","","","","",""
"POWER RANGERS : BATTLE FOR THE GRID COLLECTOR'S ","RM45","60","","","","","","","","","","","","","","","","","","","","","","",""
"PRETTY PRINCESS PARTY ","RM5","10","","","","","","","","","","","","","","","","","","","","","","",""
"PRINCE OF PERSIA THE LOST CROWN","RM40","55","","","","","","","","","","","","","","","","","","","","","","",""
"PRINCESS PEACH: SHOWTIME! ","RM90","120","","","","","","","","","","","","","","","","","","","","","","",""
"PRINNY 1.2 : EXPLODED AND RELOADED JUST DESSERTS EDITION","RM35","50","","","","","","","","","","","","","","","","","","","","","","",""
"PRINNY NIS CLASSIC VOLUME 1 DELUXE EDITION","RM35","50","","","","","","","","","","","","","","","","","","","","","","",""
"PRINNY PRESENTS NIS CLASSICS VOLUME 2","RM30","40","","","","","","","","","","","","","","","","","","","","","","",""
"PRINNY PRESENTS NIS CLASSICS VOLUME 3 : LA PUCELLE : RAGNAROK AND RHAPSODY","RM45","60","","","","","","","","","","","","","","","","","","","","","","",""
"PROFESSOR RUBIK'S BRAIN FITNESS","RM35","50","","","","","","","","","","","","","","","","","","","","","","",""
"PROJECT HIGHRISE ARCHITECT","RM15","20","","","","","","","","","","","","","","","","","","","","","","",""
"PSYVARIAR DELTA","RM30","40","","","","","","","","","","","","","","","","","","","","","","",""
"Pui Pui Molcar Let’s Molcar Party","RM45","60","","","","","","","","","","","","","","","","","","","","","","",""
"PUPS & PURRS PET SHOP","RM5","10","","","","","","","","","","","","","","","","","","","","","","",""
"PUPS AND PURRS ANIMAL HOSPITAL","RM20","30","","","","","","","","","","","","","","","","","","","","","","",""
"PUYO PUYO TETRIS","RM25","35","","","","","","","","","","","","","","","","","","","","","","",""
"PUYO PUYO TETRIS 2 ","RM25","35","","","","","","","","","","","","","","","","","","","","","","",""
"PUZZLE BOBBLE EVERYBUBBLE","RM50","70","","","","","","","","","","","","","","","","","","","","","","",""
"QUEST OF DUNGEONS","RM30","40","","","","","","","","","","","","","","","","","","","","","","",""
"R-TYPE FINAL 2 INAUGURAL FLIGHT","RM45","60","","","","","","","","","","","","","","","","","","","","","","",""
"R.B.I BASEBALL 18","","","","","","","","","","","","","","","","","","","","","","","","",""
"R.B.I BASEBALL 2017","","","","","","","","","","","","","","","","","","","","","","","","",""
"R.B.I BASEBALL 21","","","","","","","","","","","","","","","","","","","","","","","","",""
"RABBIDS PARTY OF LEGENDS","RM40","55","","","","","","","","","","","","","","","","","","","","","","",""
"RACE WITH RYAN","RM25","35","","","","","","","","","","","","","","","","","","","","","","",""
"RAD RODGERS RADICAL","RM15","20","","","","","","","","","","","","","","","","","","","","","","",""
"RAGING LOOP ","RM25","35","","","","","","","","","","","","","","","","","","","","","","",""
"RAIDEN 4 X MIKADO REMIX","RM40","55","","","","","","","","","","","","","","","","","","","","","","",""
"RAIDEN 5 DIRECTOR'S CUT LIMTED EDITION","RM25","35","","","","","","","","","","","","","","","","","","","","","","",""
"RAIDOU Remastered: The Mystery of the Soulless Army","RM40","55","","","","","","","","","","","","","","","","","","","","","","",""
"RAILWAY EMPIRE","RM30","40","","","","","","","","","","","","","","","","","","","","","","",""
"RAINBOW BILLY : THE CURSE OF THE LEVIATHAN","RM5","10","","","","","","","","","","","","","","","","","","","","","","",""
"RAINBOW HIGH: RUNWAY RUSH","RM5","10","","","","","","","","","","","","","","","","","","","","","","",""
"RAPALA FISHING PRO SERIES","RM30","40","","","","","","","","","","","","","","","","","","","","","","",""
"RAYMAN LEGENDS DEFINITIVE EDITION","RM25","35","","","","","","","","","","","","","","","","","","","","","","",""
"RBI BASEBALL 19","","","","","","","","","","","","","","","","","","","","","","","","",""
"RBI BASEBALL 20","","","","","","","","","","","","","","","","","","","","","","","","",""
"RE:ZERO - STARTING LIFE IN ANOTHER WORLD - TPOTT","RM25","35","","","","","","","","","","","","","","","","","","","","","","",""
"REAL FARM","RM35","50","","","","","","","","","","","","","","","","","","","","","","",""
"RED DEAD REDEMPTION: UNDEAD NIGHTMARE","RM90","120","","","","","","","","","","","","","","","","","","","","","","",""
"RED FACTION GUERILLA RE-MARS-TERED","RM20","30","","","","","","","","","","","","","","","","","","","","","","",""
"REDOUT","RM5","10","","","","","","","","","","","","","","","","","","","","","","",""
"REEL FISHING: ROAD TRIP  ADVENTURE","RM25","35","","","","","","","","","","","","","","","","","","","","","","",""
"REMILORE LOST GIRL IN THE LANDS OF LORE","RM30","40","","","","","","","","","","","","","","","","","","","","","","",""
"REMNANT: FROM THE ASHES","RM45","60","","","","","","","","","","","","","","","","","","","","","","",""
"REMOTHERED : BROKEN PORCELAIN","RM20","30","","","","","","","","","","","","","","","","","","","","","","",""
"REMOTHERED : TORMENTED FATHERS","RM30","40","","","","","","","","","","","","","","","","","","","","","","",""
"RESIDENT EVIL ORIGINS COLLECTION (NO RE1)","RM5","10","","","","","","","","","","","","","","","","","","","","","","",""
"RESIDENT EVIL REVELATIONS COLLECTION (NO REVELATIONS 2)","RM5","10","","","","","","","","","","","","","","","","","","","","","","",""
"RESIDENT EVIL TRIPLE PACK","RM70","95","","","","","","","","","","","","","","","","","","","","","","",""
"RHYTHM HEAVEN GROOVE","RM75","100","","","","","","","","","","","","","","","","","","","","","","",""
"RICO ","RM10","15","","","","","","","","","","","","","","","","","","","","","","",""
"RICO LONDON","RM15","20","","","","","","","","","","","","","","","","","","","","","","",""
"RIME","RM20","30","","","","","","","","","","","","","","","","","","","","","","",""
"RIMS RACING SIM","RM25","RM35","","","","","","","","","","","","","","","","","","","","","","",""
"RING FIT ADVENTURE ","","","","","","","","","","","","","","","","","","","","","","","","",""
"RING FIT ADVENTURE (INCOMPLETE SET)","","","","","","","","","","","","","","","","","","","","","","","","",""
"RIOT CIVIL UNREST","RM20","30","","","","","","","","","","","","","","","","","","","","","","",""
"RISK OF RAIN 2","RM30","40","","","","","","","","","","","","","","","","","","","","","","",""
"RIVER CITY GIRLS","RM35","50","","","","","","","","","","","","","","","","","","","","","","",""
"RIVER CITY SAGA THREE KINGDOMS","RM35","50","","","","","","","","","","","","","","","","","","","","","","",""
"RIVER CITY: RIVAL SHOWDOWN","RM20","30","","","","","","","","","","","","","","","","","","","","","","",""
"ROAD 96","RM30","40","","","","","","","","","","","","","","","","","","","","","","",""
"ROAD TO GUANG DONG","RM5","10","","","","","","","","","","","","","","","","","","","","","","",""
"ROBOTICS ; NOTES ELITE AND DASH DOUBLE PACK","RM35","50","","","","","","","","","","","","","","","","","","","","","","",""
"ROCKMAN X ANNIVERSARY COLLECTION","RM65","90","","","","","","","","","","","","","","","","","","","","","","",""
"ROCK OF AGES 3 : MAKE AND BREAK","RM10","15","","","","","","","","","","","","","","","","","","","","","","",""
"ROCKET LEAGUE","RM25","35","","","","","","","","","","","","","","","","","","","","","","",""
"ROCKET KNIGHT ADVENTURES: RE-SPARKED","RM60","80","","","","","","","","","","","","","","","","","","","","","","",""
"ROLLER COASTER TYCOON ADVENTURES","RM35","50","","","","","","","","","","","","","","","","","","","","","","",""
"ROLLING SKY","RM5","10","","","","","","","","","","","","","","","","","","","","","","",""
"ROLLING SKY COLLECTION","RM15","20","","","","","","","","","","","","","","","","","","","","","","",""
"ROMAN RUMBLE IN LAS VEGUM : ASTERIX AND OBELIX XXL 2","RM15","20","","","","","","","","","","","","","","","","","","","","","","",""
"ROMANCE OF THE THREE KINGDOMS XIV","RM20","30","","","","","","","","","","","","","","","","","","","","","","",""
"ROOT FILM","RM30","40","","","","","","","","","","","","","","","","","","","","","","",""
"ROSE AND CAMELLIA COLLECTION","RM30","40","","","","","","","","","","","","","","","","","","","","","","",""
"RPG MAKER MV","RM45","60","","","","","","","","","","","","","","","","","","","","","","",""
"RUNBOW","RM20","30","","","","","","","","","","","","","","","","","","","","","","",""
"RUNE FACTORY 3 SPECIAL","RM35","50","","","","","","","","","","","","","","","","","","","","","","",""
"RUNE FACTORY 4","RM25","35","","","","","","","","","","","","","","","","","","","","","","",""
"RUNE FACTORY 5","RM20","30","","","","","","","","","","","","","","","","","","","","","","",""
"RUNE FACTORY GUARDIANS OF AZUMA","RM60","80","","","","","","","","","","","","","","","","","","","","","","",""
"RUNNER 3","RM20","30","","","","","","","","","","","","","","","","","","","","","","",""
"RUSTLER","RM20","30","","","","","","","","","","","","","","","","","","","","","","",""
"RYAN'S RESCUE SQUAD","RM30","40","","","","","","","","","","","","","","","","","","","","","","",""
"SAGA FRONTIER","RM40","55","","","","","","","","","","","","","","","","","","","","","","",""
"SAINT KOTAR","RM25","35","","","","","","","","","","","","","","","","","","","","","","",""
"SAINTS ROW : THE THIRD THE FULL PACKAGE ","RM10","15","","","","","","","","","","","","","","","","","","","","","","",""
"SAINTS ROW 4 : RE-ELECTED","RM15","20","","","","","","","","","","","","","","","","","","","","","","",""
"SAKUNA OF RICE AND RUIN","RM15","20","","","","","","","","","","","","","","","","","","","","","","",""
"SALT AND SANCTUARY : DROWNED TOME EDITION","RM70","95","","","","","","","","","","","","","","","","","","","","","","",""
"SAMBA DE AMIGO: PARTY CENTRAL","RM30","40","","","","","","","","","","","","","","","","","","","","","","",""
"SAMURAI MAIDEN","RM45","60","","","","","","","","","","","","","","","","","","","","","","",""
"SAMURAI SHODOWN 2019","RM5","10","","","","","","","","","","","","","","","","","","","","","","",""
"SAMURAI WARRIORS 5","RM45","60","","","","","","","","","","","","","","","","","","","","","","",""
"SAVIORS OF SAPPHIRE WINGS AND STRANGER OF SWORD CITY REVISITED","RM20","30","","","","","","","","","","","","","","","","","","","","","","",""
"SAYONARA WILD HEARTS","RM5","10","","","","","","","","","","","","","","","","","","","","","","",""
"SCRIBBLENAUTS MEGA PACK","RM5","10","","","","","","","","","","","","","","","","","","","","","","",""
"SCRIBBLENAUTS SHOWDOWN","RM20","30","","","","","","","","","","","","","","","","","","","","","","",""
"SD GUNDAM BATTLE ALLIANCE","RM35","50","","","","","","","","","","","","","","","","","","","","","","",""
"SD GUNDAM G GENERATION CROSS RAYS","RM25","35","","","","","","","","","","","","","","","","","","","","","","",""
"SD GUNDAM G GENERATION GENESIS FOR NINTENDO SWITCH","RM40","55","","","","","","","","","","","","","","","","","","","","","","",""
"SEA OF STARS","RM45","60","","","","","","","","","","","","","","","","","","","","","","",""
"SECRET NEIGHBOR + HELLO ENGINEER - THE NEIGHBORHOOD BUNDLE","RM45","60","","","","","","","","","","","","","","","","","","","","","","",""
"SEDAP! A CULINARY ADVENTURE","RM5","10","","","","","","","","","","","","","","","","","","","","","","",""
"SEGA GENESIS CLASSICS","RM40","55","","","","","","","","","","","","","","","","","","","","","","",""
"SENRAN KAGURA PEACH BALL","RM40","55","","","","","","","","","","","","","","","","","","","","","","",""
"SENTIMENTAL DEATH LOOP","RM5","10","","","","","","","","","","","","","","","","","","","","","","",""
"SEVERED STEEL","RM30","40","","","","","","","","","","","","","","","","","","","","","","",""
"SHADOWVERSE : CHAMPION'S BATTLE ","RM20","30","","","","","","","","","","","","","","","","","","","","","","",""
"SHANTAE HALF GENIE HERO","RM35","50","","","","","","","","","","","","","","","","","","","","","","",""
"SHAQ FU A LEGEND REBORN","RM15","20","","","","","","","","","","","","","","","","","","","","","","",""
"SHAUN THE SHEEP HOME SHEEP HOME : FARMAGEDDON PARTY EDITION ","RM5","10","","","","","","","","","","","","","","","","","","","","","","",""
"SHIN KAMEN RIDER RUMBLE","RM30","40","","","","","","","","","","","","","","","","","","","","","","",""
"SHIN MEGAMI TENSEI III","RM20","30","","","","","","","","","","","","","","","","","","","","","","",""
"SHIN MEGAMI TENSEI V","RM10","15","","","","","","","","","","","","","","","","","","","","","","",""
"SHIN MEGAMI TENSEI V: VENGEANCE","RM40","55","","","","","","","","","","","","","","","","","","","","","","",""
"SHINOBI: ART OF VENGEANCE","RM30","40","","","","","","","","","","","","","","","","","","","","","","",""
"SHINING RESONANCE REFRAIN ","RM20","30","","","","","","","","","","","","","","","","","","","","","","",""
"SHIREN THE WANDERER: THE MYSTERY DUNGEON OF SERPENTCOIL ISLAND","RM5","10","","","","","","","","","","","","","","","","","","","","","","",""
"SHOVEL KNIGHT","RM30","40","","","","","","","","","","","","","","","","","","","","","","",""
"SID MEIER'S CIVILIZATION VI","RM15","20","","","","","","","","","","","","","","","","","","","","","","",""
"SID MEIER'S CIVILIZATION VII","RM40","55","","","","","","","","","","","","","","","","","","","","","","",""
"SIFU","RM30","40","","","","","","","","","","","","","","","","","","","","","","",""
"SILENCE","RM20","30","","","","","","","","","","","","","","","","","","","","","","",""
"SINCE MEMORIES: OFF THE STARRY SKY","RM30","40","","","","","","","","","","","","","","","","","","","","","","",""
"SINE MORA EX","RM10","15","","","","","","","","","","","","","","","","","","","","","","",""
"SKUL : THE HERO SLAYER ","RM30","40","","","","","","","","","","","","","","","","","","","","","","",""
"SKULLGIRLS 2ND ENCORE ","RM5","10","","","","","","","","","","","","","","","","","","","","","","",""
"SKULLY ","RM20","30","","","","","","","","","","","","","","","","","","","","","","",""
"SKYLANDERS IMAGINATORS VIDEO GAME","RM5","10","","","","","","","","","","","","","","","","","","","","","","",""
"SLAIN BACK FROM HELL","RM30","40","","","","","","","","","","","","","","","","","","","","","","",""
"SLAY THE SPIRE","RM45","60","","","","","","","","","","","","","","","","","","","","","","",""
"SLAYCATION PARADISE","RM25","35","","","","","","","","","","","","","","","","","","","","","","",""
"SLIDE STARS ","RM10","15","","","","","","","","","","","","","","","","","","","","","","",""
"SLIME RANCHER : PLORTABLE EDITION ","RM40","55","","","","","","","","","","","","","","","","","","","","","","",""
"SNACK WORLD : THE DUNGEON CRAWL GOLD","RM10","15","","","","","","","","","","","","","","","","","","","","","","",""
"SNIPER ELITE 3","RM30","40","","","","","","","","","","","","","","","","","","","","","","",""
"SNIPER ELITE 4","RM40","55","","","","","","","","","","","","","","","","","","","","","","",""
"SNIPER ELITE V2 REMASTERED","RM35","50","","","","","","","","","","","","","","","","","","","","","","",""
"SNIPPER CLIPS PLUS","RM45","60","","","","","","","","","","","","","","","","","","","","","","",""
"SNK 40TH ANNIVERSARY COLLECTION","RM40","55","","","","","","","","","","","","","","","","","","","","","","",""
"SNK HEROINES TAG TEAM FRENZY","RM15","20","","","","","","","","","","","","","","","","","","","","","","",""
"SNK VS CAPCOM SVC CHAOS","RM35","50","","","","","","","","","","","","","","","","","","","","","","",""
"SNOOPY & THE GREAT MYSTERY CLUB","RM65","90","","","","","","","","","","","","","","","","","","","","","","",""
"SNOW BROS. NICK AND TOM SPECIAL","RM45","60","","","","","","","","","","","","","","","","","","","","","","",""
"SNOW MOTO RACING FREEDOM ","RM25","35","","","","","","","","","","","","","","","","","","","","","","",""
"SNOWRUNNER ","RM35","50","","","","","","","","","","","","","","","","","","","","","","",""
"SOLDAM: DROP, CONNECT, ERASE","RM15","20","","","","","","","","","","","","","","","","","","","","","","",""
"SOME SOME CONVENIENCE STORE","RM40","55","","","","","","","","","","","","","","","","","","","","","","",""
"SONIC COLOR","RM25","35","","","","","","","","","","","","","","","","","","","","","","",""
"SONIC FORCES","RM20","30","","","","","","","","","","","","","","","","","","","","","","",""
"SONIC FORCES PLUS SUPER MONKEY BALL : BANANA BLITZ HD DOUBLE PACK","RM35","50","","","","","","","","","","","","","","","","","","","","","","",""
"SONIC FRONTIERS","RM35","50","","","","","","","","","","","","","","","","","","","","","","",""
"SONIC MANIA ","RM45","60","","","","","","","","","","","","","","","","","","","","","","",""
"SONIC MANIA + TEAM SONIC RACING DOUBLE PACK","RM50","70","","","","","","","","","","","","","","","","","","","","","","",""
"SONIC MANIA PLUS","RM45","60","","","","","","","","","","","","","","","","","","","","","","",""
"SONIC ORIGINS PLUS","RM40","55","","","","","","","","","","","","","","","","","","","","","","",""
"SONIC RACING CROSSWORLDS","RM50","70","","","","","","","","","","","","","","","","","","","","","","",""
"SONIC SUPERSTARS","RM45","60","","","","","","","","","","","","","","","","","","","","","","",""
"SONIC X SHADOW GENERATIONS","RM60","80","","","","","","","","","","","","","","","","","","","","","","",""
"SOUTH PARK THE FRACTURED BUT WHOLE","RM45","60","","","","","","","","","","","","","","","","","","","","","","",""
"SPACE INVADERS FOREVER SPECIAL EDITION","RM20","30","","","","","","","","","","","","","","","","","","","","","","",""
"SPACE WARLORD ORGAN TRADING SIMULATOR","RM5","10","","","","","","","","","","","","","","","","","","","","","","",""
"SPACEBASE STARTOPIA","RM20","30","","","","","","","","","","","","","","","","","","","","","","",""
"SPARKLITE ","RM15","20","","","","","","","","","","","","","","","","","","","","","","",""
"SPEED 3 GRAND PRIX ","RM30","40","","","","","","","","","","","","","","","","","","","","","","",""
"SPHINX AND THE CURSED MUMMY ","RM25","35","","","","","","","","","","","","","","","","","","","","","","",""
"SPIRIT HUNTER: NG","RM30","40","","","","","","","","","","","","","","","","","","","","","","",""
"SPIRIT OF THE NORTH ","RM25","35","","","","","","","","","","","","","","","","","","","","","","",""
"SPIRITFARER","RM55","75","","","","","","","","","","","","","","","","","","","","","","",""
"SPLATOON 2","RM20","30","","","","","","","","","","","","","","","","","","","","","","",""
"SPLATOON 3","RM80","110","","","","","","","","","","","","","","","","","","","","","","",""
"SPONGEBOB SQUAREPANTS : A PATRICK STAR GAME","RM40","55","","","","","","","","","","","","","","","","","","","","","","",""
"SPONGEBOB SQUAREPANTS : KRUSTY COOK-OFF","RM45","60","","","","","","","","","","","","","","","","","","","","","","",""
"SPONGEBOB SQUAREPANTS : THE COSMIC SHAKE","RM50","70","","","","","","","","","","","","","","","","","","","","","","",""
"SPONGEBOB SQUAREPANTS BATTLE FOR BIKINI BOTTOM: REHYDRATED","RM50","70","","","","","","","","","","","","","","","","","","","","","","",""
"SPORT GAMES 30 IN 1","RM5","10","","","","","","","","","","","","","","","","","","","","","","",""
"SPORTS PARTY","RM25","35","","","","","","","","","","","","","","","","","","","","","","",""
"SPY X ANYA: OPERATION MEMORIES","RM50","70","","","","","","","","","","","","","","","","","","","","","","",""
"SPYRO REIGNITED TRILOGY","RM40","55","","","","","","","","","","","","","","","","","","","","","","",""
"STAR OCEAN THE SECOND STORY R","RM40","55","","","","","","","","","","","","","","","","","","","","","","",""
"STAR TREK PRODIGY SUPERNOVA","RM20","30","","","","","","","","","","","","","","","","","","","","","","",""
"STAR WARS JEDI KNIGHT COLLECTION","RM25","35","","","","","","","","","","","","","","","","","","","","","","",""
"STAR WARS PINBALL ","RM25","35","","","","","","","","","","","","","","","","","","","","","","",""
"STAR WARS RACER AND COMMANDO COMBO","RM20","30","","","","","","","","","","","","","","","","","","","","","","",""
"STARDEW VALLEY","RM45","60","","","","","","","","","","","","","","","","","","","","","","",""
"STARLINK: BATTLE FOR ATLAS","RM15","20","","","","","","","","","","","","","","","","","","","","","","",""
"STATE OF MIND","RM15","20","","","","","","","","","","","","","","","","","","","","","","",""
"STEAM WORLD DIG 2","RM25","35","","","","","","","","","","","","","","","","","","","","","","",""
"STEINS ; GATE ELITE","RM40","55","","","","","","","","","","","","","","","","","","","","","","",""
"STERN PINBALL ARCADE","RM15","20","","","","","","","","","","","","","","","","","","","","","","",""
"STEVEN UNIVERSE SAVE THE LIGHT","RM35","50","","","","","","","","","","","","","","","","","","","","","","",""
"STORY OF SEASON PIONEERS OF OLIVE TOWN","RM25","35","","","","","","","","","","","","","","","","","","","","","","",""
"STORY OF SEASONS A WONDERFUL LIFE","RM45","60","","","","","","","","","","","","","","","","","","","","","","",""
"STORY OF SEASONS FRIENDS OF MINERAL TOWN ","RM40","55","","","","","","","","","","","","","","","","","","","","","","",""
"STORY OF SEASONS GRAND BAZAAR","RM70","95","","","","","","","","","","","","","","","","","","","","","","",""
"STRANDED DEEP","RM35","50","","","","","","","","","","","","","","","","","","","","","","",""
"STRANDED SAILS EXPLORERS OF THE CURSED ISLAND (US)","RM25","35","","","","","","","","","","","","","","","","","","","","","","",""
"STRAY","RM50","70","","","","","","","","","","","","","","","","","","","","","","",""
"STREET FIGHTER 30TH ANNIVERSARY COLLECTION","RM65","90","","","","","","","","","","","","","","","","","","","","","","",""
"STREET OF RAGE 4","RM35","50","","","","","","","","","","","","","","","","","","","","","","",""
"STREET OUTLAWS : THE LIST ","RM40","55","","","","","","","","","","","","","","","","","","","","","","",""
"STREET OUTLAWS 2 : WINNER TAKES ALL ","RM30","40","","","","","","","","","","","","","","","","","","","","","","",""
"STREET POWER FOOTBALL","RM10","15","","","","","","","","","","","","","","","","","","","","","","",""
"STRIKE ! TEN PIN BOWLING ","RM5","10","","","","","","","","","","","","","","","","","","","","","","",""
"STUBBS THE ZOMBIE IN REBEL WITHOUT A PULSE","RM15","20","","","","","","","","","","","","","","","","","","","","","","",""
"SUBNAUTICA AND SUBNAUTICA : BELOW ZERO","RM50","70","","","","","","","","","","","","","","","","","","","","","","",""
"SUGARDEW ISLAND","RM5","10","","","","","","","","","","","","","","","","","","","","","","",""
"SUIKODEN 1 & 2 REMASTER","RM45","60","","","","","","","","","","","","","","","","","","","","","","",""
"SUMMER SPORTS GAMES","RM25","35","","","","","","","","","","","","","","","","","","","","","","",""
"SUPER BOMBERMAN R","RM20","30","","","","","","","","","","","","","","","","","","","","","","",""
"SUPER BOMBERMAN R 2","RM65","90","","","","","","","","","","","","","","","","","","","","","","",""
"SUPER BULLET BREAK ","RM5","10","","","","","","","","","","","","","","","","","","","","","","",""
"SUPER CANE MAGIC ZERO ","RM35","50","","","","","","","","","","","","","","","","","","","","","","",""
"SUPER CHARIOT","RM20","30","","","","","","","","","","","","","","","","","","","","","","",""
"SUPER DRAGONBALL HEROES WORLD MISSION","RM20","30","","","","","","","","","","","","","","","","","","","","","","",""
"SUPER MARIO 3D ALL STAR","RM145","195","","","","","","","","","","","","","","","","","","","","","","",""
"SUPER MARIO 3D WORLD + BOWSER'S FURY","RM105","140","","","","","","","","","","","","","","","","2,000","","","","","","",""
"SUPER MARIO BROS U DELUXE","RM105","140","","","","","","","","","","","","","","","","","","","","","","",""
"SUPER MARIO BROS WONDER","RM130","150","","","","","","","","","","","","","","","","","","","","","","",""
"SUPER MARIO GALAXY 1 + 2 ","RM155","175","","","","","","","","","","","","","","","","","","","","","","",""
"SUPER MARIO MAKER 2","RM90","120","","","","","","","","","","","","","","","","","","","","","","",""
"SUPER MARIO ODYSSEY","RM105","140","","","","","","","","","","","","","","","","","","","","","","",""
"SUPER MARIO PARTY","RM105","140","","","","","","","","","","","","","","","","","","","","","","",""
"SUPER MARIO PARTY JAMBOREE","RM150","170","","","","","","","","","","","","","","","","","","","","","","",""
"SUPER MARIO RPG","RM65","90","","","","","","","","","","","","","","","","","","","","","","",""
"SUPER MARKET SHRIEK","RM15","20","","","","","","","","","","","","","","","","","","","","","","",""
"SUPER MONKEY BALL BANANA BLITZ","RM5","10","","","","","","","","","","","","","","","","","","","","","","",""
"SUPER MONKEY BALL BANANA BLITZ HD","RM25","35","","","","","","","","","","","","","","","","","","","","","","",""
"SUPER MONKEY BALL BANANA MANIA","RM35","50","","","","","","","","","","","","","","","","","","","","","","",""
"SUPER MONKEY BALL BANANA RUMBLE","RM35","50","","","","","","","","","","","","","","","","","","","","","","",""
"SUPER NEPTUNIA RPG","RM25","35","","","","","","","","","","","","","","","","","","","","","","",""
"SUPER RETRO PLATFORMER COLLECTION","RM5","10","","","","","","","","","","","","","","","","","","","","","","",""
"SUPER ROBOT WARS 30","RM45","60","","","","","","","","","","","","","","","","","","","","","","",""
"SUPER ROBOT WARS T","RM45","60","","","","","","","","","","","","","","","","","","","","","","",""
"SUPER ROBOT WARS V","RM45","60","","","","","","","","","","","","","","","","","","","","","","",""
"SUPER ROBOT WARS X","RM30","40","","","","","","","","","","","","","","","","","","","","","","",""
"SUPER ROBOT WARS Y","RM65","90","","","","","","","","","","","","","","","","","","","","","","",""
"SUPER SMASH BROS ULTIMATE","RM105","135","","","","","","","","","","","","","","","","","","","","","","",""
"SUPER STREET : RACER","RM40","55","","","","","","","","","","","","","","","","","","","","","","",""
"SUPERBEAT : XONIC ","RM5","10","","","","","","","","","","","","","","","","","","","","","","",""
"SUPERBEAT XONIC EX","RM25","35","","","","","","","","","","","","","","","","","","","","","","",""
"SUPEREPIC THE ENTERTAINMENT WAR","RM5","10","","","","","","","","","","","","","","","","","","","","","","",""
"SURVIVING THE AFTERMATH","RM20","30","","","","","","","","","","","","","","","","","","","","","","",""
"SUSHI STRIKER: THE WAY OF SUSHIDO","RM15","20","","","","","","","","","","","","","","","","","","","","","","",""
"SWOON! EARTH ESCAPE","RM60","80","","","","","","","","","","","","","","","","","","","","","","",""
"SWORD & FAIRY INN 2","RM35","50","","","","","","","","","","","","","","","","","","","","","","",""
"SWORD ART ONLINE ALICIZATION LYCORIS","RM40","55","","","","","","","","","","","","","","","","","","","","","","",""
"SWORD ART ONLINE FATAL BULLET","RM15","20","","","","","","","","","","","","","","","","","","","","","","",""
"SWORD ART ONLINE FRACTURED DAYDREAM","RM35","50","","","","","","","","","","","","","","","","","","","","","","",""
"SWORD ART ONLINE HOLLOW REALIZATION","RM30","40","","","","","","","","","","","","","","","","","","","","","","",""
"SYBERIA 1 & 2","RM25","35","","","","","","","","","","","","","","","","","","","","","","",""
"SYBERIA 3","RM20","30","","","","","","","","","","","","","","","","","","","","","","",""
"TABLE TOP RACING NITRO EDITION","RM5","10","","","","","","","","","","","","","","","","","","","","","","",""
"TACTICS OGRE : REBORN","RM35","50","","","","","","","","","","","","","","","","","","","","","","",""
"TAIKO NO TATSUJIN","RM55","75","","","","","","","","","","","","","","","","","","","","","","",""
"TAIKO NO TATSUJIN RHYTHM ADVENTURE PACK","RM45","60","","","","","","","","","","","","","","","","","","","","","","",""
"TAIKO NO TATSUJIN RHYTHM FESTIVAL","RM65","90","","","","","","","","","","","","","","","","","","","","","","",""
"TAILS OF IRON CRIMSON KIT","RM5","10","","","","","","","","","","","","","","","","","","","","","","",""
"TALES FROM TOYOTOKI ARRIVAL OF THE WITCH","RM5","10","","","","","","","","","","","","","","","","","","","","","","",""
"TALES OF GRACE F REMASTERED","RM35","50","","","","","","","","","","","","","","","","","","","","","","",""
"TALES OF SYMPHONIA ","RM30","40","","","","","","","","","","","","","","","","","","","","","","",""
"TALES OF THE SHIRE","RM5","10","","","","","","","","","","","","","","","","","","","","","","",""
"TALES OF VESPERIA DEFINITIVE EDITION","RM20","30","","","","","","","","","","","","","","","","","","","","","","",""
"TAMAGOTCHI PLAZA","RM50","70","","","","","","","","","","","","","","","","","","","","","","",""
"TAXI CHAOS ","RM40","55","","","","","","","","","","","","","","","","","","","","","","",""
"TEAM SONIC RACING","RM40","55","","","","","","","","","","","","","","","","","","","","","","",""
"TEENAGE MUTANT NINJA TURTLES : MUTANTS UNLEASHED","RM40","55","","","","","","","","","","","","","","","","","","","","","","",""
"TEENAGE MUTANT NINJA TURTLES : SHREDDER'S REVENGE","RM35","50","","","","","","","","","","","","","","","","","","","","","","",""
"TEENAGE MUTANT NINJA TURTLES : THE COWABUNGA COLLECTION ","RM35","50","","","","","","","","","","","","","","","","","","","","","","",""
"TEENAGE MUTANT NINJA TURTLES:  WRATH OF THE MUTANTS","RM30","40","","","","","","","","","","","","","","","","","","","","","","",""
"TEMTEM ","RM25","35","","","","","","","","","","","","","","","","","","","","","","",""
"TENNIS WORLD TOUR","RM30","40","","","","","","","","","","","","","","","","","","","","","","",""
"TENNIS WORLD TOUR 2","RM45","60","","","","","","","","","","","","","","","","","","","","","","",""
"TERRA TRILOGY","RM10","15","","","","","","","","","","","","","","","","","","","","","","",""
"TERRARIA","RM35","50","","","","","","","","","","","","","","","","","","","","","","",""
"TESLAGRAD","RM10","15","","","","","","","","","","","","","","","","","","","","","","",""
"TETRIS 99","RM25","35","","","","","","","","","","","","","","","","","","","","","","",""
"THAT TIME I GOT REINCARNATED AS A SLIME","RM80","110","","","","","","","","","","","","","","","","","","","","","","",""
"THE ALLIANCE ALIVE HD REMASTERED ","RM10","15","","","","","","","","","","","","","","","","","","","","","","",""
"THE BANNER SAGA TRILOGY BONUS EDITION","RM10","15","","","","","","","","","","","","","","","","","","","","","","",""
"THE BATTLE CATS UNITE","RM25","35","","","","","","","","","","","","","","","","","","","","","","",""
"THE BINDING OF ISAAC : AFTERBIRTH+","RM50","70","","","","","","","","","","","","","","","","","","","","","","",""
"THE BRIDGE CURSE 2: THE EXTRICATION","RM65","90","","","","","","","","","","","","","","","","","","","","","","",""
"THE BRIDGE CURSE: ROAD TO SALVATION","RM30","40","","","","","","","","","","","","","","","","","","","","","","",""
"THE CALIGULA EFFECT 2","RM20","30","","","","","","","","","","","","","","","","","","","","","","",""
"THE CENTENNIAL CASE: A SHIJIMA STORY","RM25","35","","","","","","","","","","","","","","","","","","","","","","",""
"THE CHURCH IN THE DARKNESS","RM10","15","","","","","","","","","","","","","","","","","","","","","","",""
"THE COMA: RECUT","RM25","35","","","","","","","","","","","","","","","","","","","","","","",""
"THE CRUEL KING AND THE GREAT HERO STORYBOOK EDITION ","RM20","30","","","","","","","","","","","","","","","","","","","","","","",""
"THE DIOFIELD CHRONICLES","RM25","35","","","","","","","","","","","","","","","","","","","","","","",""
"THE DUNGEON OF NAHEULBEUK : THE AMULET OF CHAOS","RM10","15","","","","","","","","","","","","","","","","","","","","","","",""
"THE ELDER SCROLLS V SKYRIM","RM45","60","","","","","","","","","","","","","","","","","","","","","","",""
"THE END IS NIGH ","RM15","20","","","","","","","","","","","","","","","","","","","","","","",""
"THE ESCAPISTS 2","RM15","20","","","","","","","","","","","","","","","","","","","","","","",""
"THE FALCONEER","RM5","8","","","","","","","","","","","","","","","","","","","","","","",""
"THE FLAME IN THE FLOOD","RM5","8","","","","","","","","","","","","","","","","","","","","","","",""
"THE GREAT ACE ATTORNEY CHRONICLES ","RM55","75","","","","","","","","","","","","","","","","","","","","","","",""
"THE GRINCH CHRISTMAS ADVENTURES","RM15","20","","","","","","","","","","","","","","","","","","","","","","",""
"THE HONG KONG MASSACRE ","RM50","70","","","","","","","","","","","","","","","","","","","","","","",""
"THE HOUSE OF THE DEAD REMAKE","RM40","55","","","","","","","","","","","","","","","","","","","","","","",""
"THE HOUSE OF THE DEAD 2 REMAKE","RM80","110","","","","","","","","","","","","","","","","","","","","","","",""
"THE HUNDRED LINE - LAST DEFENCE ACADEMY","RM90","120","","","","","","","","","","","","","","","","","","","","","","",""
"THE JACKBOX PARTY PACK 7","RM10","15","","","","","","","","","","","","","","","","","","","","","","",""
"THE KING OF FIGHTERS XIII: GLOBAL MATCH","RM40","55","","","","","","","","","","","","","","","","","","","","","","",""
"THE KNIGHT WITCH ","RM70","95","","","","","","","","","","","","","","","","","","","","","","",""
"THE LAST KIDS ON EARTH","RM15","20","","","","","","","","","","","","","","","","","","","","","","",""
"THE LEGEND OF HEROES : AO NO KISEKI KAI","RM90","120","","","","","","","","","","","","","","","","","","","","","","",""
"THE LEGEND OF HEROES : SEN NO KISEKI I KAI/ THORS MILITARY ACEDAMY 1204","RM40","55","","","","","","","","","","","","","","","","","","","","","","",""
"THE LEGEND OF HEROES : SEN NO KISEKI III","RM70","95","","","","","","","","","","","","","","","","","","","","","","",""
"THE LEGEND OF HEROES : TRAILS FROM ZERO","RM40","55","","","","","","","","","","","","","","","","","","","","","","",""
"THE LEGEND OF HEROES : TRAILS INTO REVERIE","RM80","110","","","","","","","","","","","","","","","","","","","","","","",""
"THE LEGEND OF HEROES : TRAILS OF COLD STEEL 2","RM60","80","","","","","","","","","","","","","","","","","","","","","","",""
"THE LEGEND OF HEROES : TRAILS OF COLD STEEL 3","RM20","30","","","","","","","","","","","","","","","","","","","","","","",""
"THE LEGEND OF HEROES : TRAILS OF COLD STEEL 4 FRONTLINE","RM40","55","","","","","","","","","","","","","","","","","","","","","","",""
"THE LEGEND OF HEROES : ZERO NO KISEKI","RM50","70","","","","","","","","","","","","","","","","","","","","","","",""
"THE LEGEND OF HEROES: TRAILS THROUGH DAYBREAK","RM85","115","","","","","","","","","","","","","","","","","","","","","","",""
"THE LEGEND OF HEROES: TRAILS TO AZURE","RM60","80","","","","","","","","","","","","","","","","","","","","","","",""
"THE LEGEND OF NAYUTA: BOUNDLESS TRAILS","RM40","55","","","","","","","","","","","","","","","","","","","","","","",""
"THE LEGEND OF ZELDA : TEARS OF THE KINGDOM","RM100","135","","","","","","","","","","","","","","","","","","","","","","",""
"THE LEGEND OF ZELDA : TEARS OF THE KINGDOM (COLLECTOR EDITION)","RM190","250","","","","","","","","","","","","","","","","","","","","","","",""
"The LEGEND OF ZELDA BREATH OF THE WILD","RM75","100","","","","","","","","","","","","","","","","","","","","","","",""
"THE LEGEND OF ZELDA BREATH OF THE WILD + EXPANSION PASS","RM85","115","","","","","","","","","","","","","","","","","","","","","","",""
"THE LEGEND OF ZELDA LINK'S AWAKENING","RM75","100","","","","","","","","","","","","","","","","","","","","","","",""
"THE LEGEND OF ZELDA:  SKYWARD SWORD HD","RM60","80","","","","","","","","","","","","","","","","","","","","","","",""
"THE LEGEND OF ZELDA: ECHOES OF WISDOM","RM80","110","","","","","","","","","","","","","","","","","","","","","","",""
"THE LEGO MOVIE 2 VIDEOGAME","RM15","20","","","","","","","","","","","","","","","","","","","","","","",""
"THE LEGO NINJAGO MOVIE VIDEO GAME","RM15","20","","","","","","","","","","","","","","","","","","","","","","",""
"THE LIAR PRINCESS AND THE BLIND PRINCE","RM30","40","","","","","","","","","","","","","","","","","","","","","","",""
"THE LONGEST 5 MINUTES","RM20","30","","","","","","","","","","","","","","","","","","","","","","",""
"THE LORD OF THE RINGS: GOLLUM","RM10","15","","","","","","","","","","","","","","","","","","","","","","",""
"THE LOST CHILD","RM20","30","","","","","","","","","","","","","","","","","","","","","","",""
"THE NINJA SAVIORS RETURN OF THE WARRIORS","RM10","15","","","","","","","","","","","","","","","","","","","","","","",""
"THE OUTER WORLDS","RM15","20","","","","","","","","","","","","","","","","","","","","","","",""
"THE PATHLESS","RM60","80","","","","","","","","","","","","","","","","","","","","","","",""
"THE PERSISTENCE","RM5","8","","","","","","","","","","","","","","","","","","","","","","",""
"THE PLUCKY SQUIRE","RM40","55","","","","","","","","","","","","","","","","","","","","","","",""
"THE PRINCESS GUIDE","RM25","35","","","","","","","","","","","","","","","","","","","","","","",""
"THE RAVEN REMASTERED","RM3","5","","","","","","","","","","","","","","","","","","","","","","",""
"THE RUMBLE FISH 2","RM20","30","","","","","","","","","","","","","","","","","","","","","","",""
"THE SILVER CASE 2425 DELUXE EDITION","RM15","20","","","","","","","","","","","","","","","","","","","","","","",""
"THE SISTERS : PARTY OF THE YEAR","RM5","8","","","","","","","","","","","","","","","","","","","","","","",""
"THE SMURFS : MISSION VILEAF SMURFTASTIC","RM15","20","","","","","","","","","","","","","","","","","","","","","","",""
"THE SMURFS 2: THE PRISONER OF THE GREEN STONE","RM60","80","","","","","","","","","","","","","","","","","","","","","","",""
"THE SMURFS: VILLAGE PARTY ","RM60","80","","","","","","","","","","","","","","","","","","","","","","",""
"THE SURVIVALISTS","RM10","15","","","","","","","","","","","","","","","","","","","","","","",""
"THE UNICORN PRINCESS","RM15","20","","","","","","","","","","","","","","","","","","","","","","",""
"THE WALKING DEAD THE FINAL SEASON","RM20","30","","","","","","","","","","","","","","","","","","","","","","",""
"THE WALKING DEAD: DESTINIES","RM90","120","","","","","","","","","","","","","","","","","","","","","","",""
"THE WILD AT HEART ","RM20","30","","","","","","","","","","","","","","","","","","","","","","",""
"THE WITCHER 3 WILD HUNT COMPLETE EDITION","RM70","95","","","","","","","","","","","","","","","","","","","","","","",""
"THE WONDERFUL 101 REMASTERED","RM10","15","","","","","","","","","","","","","","","","","","","","","","",""
"THE WORLD ENDS WITH YOU FINAL REMIX","RM15","20","","","","","","","","","","","","","","","","","","","","","","",""
"THEM'S FIGHTIN' HERDS DELUXE","RM10","15","","","","","","","","","","","","","","","","","","","","","","",""
"THIS IS THE POLICE 2","RM5","8","","","","","","","","","","","","","","","","","","","","","","",""
"THIS WAR OF MINE COMPLETE EDITION ","RM10","15","","","","","","","","","","","","","","","","","","","","","","",""
"THIS WAY MADNESS LIES","RM10","15","","","","","","","","","","","","","","","","","","","","","","",""
"TIME MANAGEMENT GAME COLLECTION ","RM5","8","","","","","","","","","","","","","","","","","","","","","","",""
"TIME ON FROG ISLAND ","RM10","15","","","","","","","","","","","","","","","","","","","","","","",""
"TIN AND KUNA ","RM5","8","","","","","","","","","","","","","","","","","","","","","","",""
"TINY BABARIANS DX","RM15","20","","","","","","","","","","","","","","","","","","","","","","",""
"TINY TROPPERS : JOINT OPS XL ","RM10","15","","","","","","","","","","","","","","","","","","","","","","",""
"TITAN QUEST","RM10","15","","","","","","","","","","","","","","","","","","","","","","",""
"TOGETHER !","RM30","40","","","","","","","","","","","","","","","","","","","","","","",""
"TOKI","RM15","20","","","","","","","","","","","","","","","","","","","","","","",""
"TOKI RETROLLECTOR EDITION ","RM10","15","","","","","","","","","","","","","","","","","","","","","","",""
"TOKIMEKI HARMORIAL I'M FOREVER WITH YOU","RM45","60","","","","","","","","","","","","","","","","","","","","","","",""
"TOKYO 2020 OLYMPIC GAMES","RM10","15","","","","","","","","","","","","","","","","","","","","","","",""
"TOKYO MIRAGE SESSIONS #FE ENCORE","RM20","30","","","","","","","","","","","","","","","","","","","","","","",""
"TOMB RAIDER I-III REMASTERED","RM30","40","","","","","","","","","","","","","","","","","","","","","","",""
"TOMODACHI LIFE: LIVING THE DREAM","RM150","200","","","","","","","","","","","","","","","","","","","","","","",""
"TONY HAWK PRO SKATER 1 + 2","RM25","35","","","","","","","","","","","","","","","","","","","","","","",""
"TORMENTED SOULS ","RM25","35","","","","","","","","","","","","","","","","","","","","","","",""
"TOUHOU GENSO WANDERER RELOADED ","RM25","35","","","","","","","","","","","","","","","","","","","","","","",""
"TOUHOU KOBUTO 5 BURST BATTLE","RM10","15","","","","","","","","","","","","","","","","","","","","","","",""
"TOUHOU MYSTIA'S IZAKAYA","RM20","30","","","","","","","","","","","","","","","","","","","","","","",""
"TOUHOU SPELL BUBBLE","RM40","55","","","","","","","","","","","","","","","","","","","","","","",""
"TOUKEN RANBU WARRIORS ","RM20","30","","","","","","","","","","","","","","","","","","","","","","",""
"TRAILBLAZERS","RM5","8","","","","","","","","","","","","","","","","","","","","","","",""
"TRANSFORMERS : BATTLEGROUNDS ","RM15","20","","","","","","","","","","","","","","","","","","","","","","",""
"TRANSFORMERS: EARTHSPARK- EXPEDITION","RM15","20","","","","","","","","","","","","","","","","","","","","","","",""
"TRASH SAILORS","RM20","30","","","","","","","","","","","","","","","","","","","","","","",""
"TRAVIS STRIKES AGAIN NO MORE HEROES","RM10","15","","","","","","","","","","","","","","","","","","","","","","",""
"TREASURES OF THE AEGEAN","RM10","15","","","","","","","","","","","","","","","","","","","","","","",""
"TRIALS OF MANA","RM15","20","","","","","","","","","","","","","","","","","","","","","","",""
"TRIALS RISING","RM15","20","","","","","","","","","","","","","","","","","","","","","","",""
"TRIANGLE STRATEGY","RM25","35","","","","","","","","","","","","","","","","","","","","","","",""
"TRINE 4","RM5","8","","","","","","","","","","","","","","","","","","","","","","",""
"TRINE 5: A CLOCKWORK CONSPIRACY","RM75","100","","","","","","","","","","","","","","","","","","","","","","",""
"TRINE ULTIMATE COLLECTION","RM20","30","","","","","","","","","","","","","","","","","","","","","","",""
"TRINITY TRIGGER","RM90","120","","","","","","","","","","","","","","","","","","","","","","",""
"TROLL AND I","RM5","8","","","","","","","","","","","","","","","","","","","","","","",""
"TROLLHUNTERS : DEFENDERS OF ARCADIA","RM10","15","","","","","","","","","","","","","","","","","","","","","","",""
"TROPICO 6","RM20","30","","","","","","","","","","","","","","","","","","","","","","",""
"TRUBERBROOK ","RM10","15","","","","","","","","","","","","","","","","","","","","","","",""
"TRUCK DRIVER ","RM25","35","","","","","","","","","","","","","","","","","","","","","","",""
"TRUCK RACING CHAMPIONSHIP ","RM15","20","","","","","","","","","","","","","","","","","","","","","","",""
"TSUM TSUM FESTIVAL","RM15","20","","","","","","","","","","","","","","","","","","","","","","",""
"TT ISLE OF MAN : RIDE ON THE EDGE","RM5","8","","","","","","","","","","","","","","","","","","","","","","",""
"TURNIP BOY COMMITS TAX EVASION","RM10","15","","","","","","","","","","","","","","","","","","","","","","",""
"TWO POINT CAMPUS","RM30","40","","","","","","","","","","","","","","","","","","","","","","",""
"TWO POINT HOSPITAL","RM20","30","","","","","","","","","","","","","","","","","","","","","","",""
"TY THE TASMANIAN TIGER HD    ","RM15","20","","","","","","","","","","","","","","","","","","","","","","",""
"TY THE TASMANIAN TIGER HD AND TY THE TASMANIAN TIGER 2 : BUSH RESCUE HD BUNDLE","RM15","20","","","","","","","","","","","","","","","","","","","","","","",""
"UGLYDOLLS AN IMPERFECT ADVENTURE","RM5","8","","","","","","","","","","","","","","","","","","","","","","",""
"ULTIMATE CHICKEN HORSE A-NEIGH-VERSARY EDITION","RM15","20","","","","","","","","","","","","","","","","","","","","","","",""
"ULTRA  AGE","RM70","95","","","","","","","","","","","","","","","","","","","","","","",""
"ULTRA KAIJU MONSTER RANCHER","","35","","","","","","","","","","","","","","","","","","","","","","",""
"ULTRA MEGA XTRA PARTY ","RM20","30","","","","","","","","","","","","","","","","","","","","","","",""
"ULTRA STREET FIGHTER II: THE FINAL CHALLENGERS","RM25","35","","","","","","","","","","","","","","","","","","","","","","",""
"UMAMUSUME: PRETTY DERBY - PARTY DASH","RM40","60","","","","","","","","","","","","","","","","","","","","","","",""
"UMIHARA KAWASE FRESH !","RM10","15","","","","","","","","","","","","","","","","","","","","","","",""
"UNBOX NEWBIE'S ADVENTURE","RM10","15","","","","","","","","","","","","","","","","","","","","","","",""
"UNDERNAUTS : LABYRINTH OF YOMI ","RM20","30","","","","","","","","","","","","","","","","","","","","","","",""
"UNDERTALE","RM15","20","","","","","","","","","","","","","","","","","","","","","","",""
"UNICORN OVERLOAD","RM90","120","","","","","","","","","","","","","","","","","","","","","","",""
"UNTITLED GOOSE GAME","RM20","30","","","","","","","","","","","","","","","","","","","","","","",""
"URBAN MYTH DISSOLUTION CENTER","RM30","40","","","","","","","","","","","","","","","","","","","","","","",""
"URBAN TRIAL PLAYGROUND","RM10","15","","","","","","","","","","","","","","","","","","","","","","",""
"V-RALLY 4","RM15","20","","","","","","","","","","","","","","","","","","","","","","",""
"VALFARIS","RM15","20","","","","","","","","","","","","","","","","","","","","","","",""
"VALKYRIA CHRONICLES 4","RM20","30","","","","","","","","","","","","","","","","","","","","","","",""
"VAMPYR","RM15","20","","","","","","","","","","","","","","","","","","","","","","",""
"VARIABLE BARRICADE","RM20","30","","","","","","","","","","","","","","","","","","","","","","",""
"VEGAS PARTY","RM10","15","","","","","","","","","","","","","","","","","","","","","","",""
"VERY VERY VALET","RM10","15","","","","","","","","","","","","","","","","","","","","","","",""
"VICTOR VRAN","RM15","20","","","","","","","","","","","","","","","","","","","","","","",""
"VIRCHE EVERMORE ERROR SALVATION","RM90","120","","","","","","","","","","","","","","","","","","","","","","",""
"VOEZ ","RM10","15","","","","","","","","","","","","","","","","","","","","","","",""
"VOID BASTARDS ","RM10","15","","","","","","","","","","","","","","","","","","","","","","",""
"VOID TERRARIUM ","RM30","40","","","","","","","","","","","","","","","","","","","","","","",""
"VOSTOK INC.","RM3","5","","","","","","","","","","","","","","","","","","","","","","",""
"WAKU WAKU SWEETS","RM20","30","","","","","","","","","","","","","","","","","","","","","","",""
"WARGROOVE","RM40","55","","","","","","","","","","","","","","","","","","","","","","",""
"WARHAMMER 40000 : MECHANICUS","RM15","20","","","","","","","","","","","","","","","","","","","","","","",""
"WARHAMMER 40000 : SHOOTAS,BLOOD AND TEEF","RM10","15","","","","","","","","","","","","","","","","","","","","","","",""
"WARHAMMER 40000: BOLTGUN","RM40","55","","","","","","","","","","","","","","","","","","","","","","",""
"WARIOWARE GET IT TOGETHER","RM30","40","","","","","","","","","","","","","","","","","","","","","","",""
"WARIOWARE MOVE IT","RM60","80","","","","","","","","","","","","","","","","","","","","","","",""
"WARRIORS OROCHI 4","RM15","20","","","","","","","","","","","","","","","","","","","","","","",""
"WARRIORS OROCHI 4 ULTIMATE","RM20","30","","","","","","","","","","","","","","","","","","","","","","",""
"WASTELAND 2 DIRECTOR'S CUT","RM15","20","","","","","","","","","","","","","","","","","","","","","","",""
"WE LOVE KATAMARI REROLL + ROYAL REVERIE","RM50","70","","","","","","","","","","","","","","","","","","","","","","",""
"WHISKER WATERS","RM30","40","","","","","","","","","","","","","","","","","","","","","","",""
"WHITE DAY : A LABYRINTH NAMED SCHOOL ","RM25","35","","","","","","","","","","","","","","","","","","","","","","",""
"WHO WANTS TO BE A MILLIONARE ? 2020","RM10","15","","","","","","","","","","","","","","","","","","","","","","",""
"WILD GUNS RELOADED","RM10","15","","","","","","","","","","","","","","","","","","","","","","",""
"WILL : A WONDERFUL WORLD","RM5","8","","","","","","","","","","","","","","","","","","","","","","",""
"WITCH ON THE HOLY NIGHT","RM100","135","","","","","","","","","","","","","","","","","","","","","","",""
"WOLFENSTEIN 2 THE NEW COLOSSUS","RM15","20","","","","","","","","","","","","","","","","","","","","","","",""
"WONDER BOY THE DRAGONS TRAP","RM20","30","","","","","","","","","","","","","","","","","","","","","","",""
"WONDER BOY: ASHA IN MONSTER WOLRD","RM15","20","","","","","","","","","","","","","","","","","","","","","","",""
"WORLD END SYNDROME","RM95","130","","","","","","","","","","","","","","","","","","","","","","",""
"WORLD OF FINAL FANTASY MAXIMA","RM15","20","","","","","","","","","","","","","","","","","","","","","","",""
"WORLD QUIZ","RM10","15","","","","","","","","","","","","","","","","","","","","","","",""
"WORLD WAR Z","RM35","50","","","","","","","","","","","","","","","","","","","","","","",""
"WORLD'S END CLUB DELUXE EDITION","RM20","30","","","","","","","","","","","","","","","","","","","","","","",""
"WORMS RUMBLE","RM10","15","","","","","","","","","","","","","","","","","","","","","","",""
"WRC 10","RM15","20","","","","","","","","","","","","","","","","","","","","","","",""
"WRC 8 ","RM15","20","","","","","","","","","","","","","","","","","","","","","","",""
"WRC 9","RM20","30","","","","","","","","","","","","","","","","","","","","","","",""
"WRC GENERATIONS","RM20","30","","","","","","","","","","","","","","","","","","","","","","",""
"WRECKFEST","RM30","40","","","","","","","","","","","","","","","","","","","","","","",""
"WWE 2K BATTLEGROUNDS","RM15","20","","","","","","","","","","","","","","","","","","","","","","",""
"WWE 2K18","RM10","15","","","","","","","","","","","","","","","","","","","","","","",""
"X-MORPH: DEFENSE COMPLETE EDITION","RM5","8","","","","","","","","","","","","","","","","","","","","","","",""
"XCOM 2 COLLECTION ","RM15","20","","","","","","","","","","","","","","","","","","","","","","",""
"XENOBLADE CHRONICLE DEFINITIVE EDITION","RM40","55","","","","","","","","","","","","","","","","","","","","","","",""
"XENOBLADE CHRONICLES 2","RM50","70","","","","","","","","","","","","","","","","","","","","","","",""
"XENOBLADE CHRONICLES 2 TORNA THE GOLDEN COUNTRY","RM45","60","","","","","","","","","","","","","","","","","","","","","","",""
"XENOBLADE CHRONICLES 3","RM65","90","","","","","","","","","","","","","","","","","","","","","","",""
"XENOBLADE CHRONICLES X: DEFINITIVE EDITION","RM85","115","","","","","","","","","","","","","","","","","","","","","","",""
"XENON RACER","RM20","30","","","","","","","","","","","","","","","","","","","","","","",""
"XEODRIFTER","RM40","55","","","","","","","","","","","","","","","","","","","","","","",""
"XUAN YUAN SWORD 7","RM90","120","","","","","","","","","","","","","","","","","","","","","","",""
"YESTERDAY ORIGINS","RM10","15","","","","","","","","","","","","","","","","","","","","","","",""
"YO KAI WATCH 4","RM25","35","","","","","","","","","","","","","","","","","","","","","","",""
"YOKU'S ISLAND EXPRESS","RM10","15","","","","","","","","","","","","","","","","","","","","","","",""
"YOMAWARI : LOST IN THE DARK DELUXE EDITION ","RM20","30","","","","","","","","","","","","","","","","","","","","","","",""
"YOMAWARI 3","RM50","70","","","","","","","","","","","","","","","","","","","","","","",""
"YOMAWARI THE LONG NIGHT COLLECTION","RM30","40","","","","","","","","","","","","","","","","","","","","","","",""
"YONDER THE CLOUD CATCHER CHRONICLES","RM10","15","","","","","","","","","","","","","","","","","","","","","","",""
"YOOKA-LAYEE","RM30","40","","","","","","","","","","","","","","","","","","","","","","",""
"YOOKA-LAYEE AND THE IIMPOSSIBLE LAIR","RM20","30","","","","","","","","","","","","","","","","","","","","","","",""
"YOSHI'S CRAFTED WORLD","RM90","120","","","","","","","","","","","","","","","","","","","","","","",""
"YOUTUBERS LIFE 2","RM10","15","","","","","","","","","","","","","","","","","","","","","","",""
"YS IX : MONSTRUM NOX PACT EDITION","RM25","35","","","","","","","","","","","","","","","","","","","","","","",""
"YS VIII LACRIMOSA OF DANA","RM30","40","","","","","","","","","","","","","","","","","","","","","","",""
"YS X NORDICS","RM90","120","","","","","","","","","","","","","","","","","","","","","","",""
"YU-GI-OH ! EARLY DAYS COLLECTION","RM60","80","","","","","","","","","","","","","","","","","","","","","","",""
"YU-GI-OH ! LEGACY OF THE DUELIST : LINK EVOLUTION ","RM15","20","","","","","","","","","","","","","","","","","","","","","","",""
"YU-GI-OH ! RUSH DUEL STRONGEST BATTLE ROYALE","RM20","30","","","","","","","","","","","","","","","","","","","","","","",""
"YU-GI-OH ! RUSH DUEL DAWN OF THE BATTLE ROYALE","RM20","30","","","","","","","","","","","","","","","","","","","","","","",""
"YUM YUM COOKSTAR","RM20","30","","","","","","","","","","","","","","","","","","","","","","",""
"YURUKILL : THE CALUMNIATION GAMES","RM15","20","","","","","","","","","","","","","","","","","","","","","","",""
"ZENGEON ","RM5","8","","","","","","","","","","","","","","","","","","","","","","",""
"ZOIDS","RM5","8","","","","","","","","","","","","","","","","","","","","","","",""
"ZOMBIE ARMY 4","RM25","35","","","","","","","","","","","","","","","","","","","","","","",""
"ZOMBIE ARMY TRILOGY","RM25","35","","","","","","","","","","","","","","","","","","","","","","",""
"ZOMBIELAND DOUBLE TAP ROADTRIP","RM15","20","","","","","","","","","","","","","","","","","","","","","","",""
"ZUMBA BURN IT UP","RM15","20","","","","","","","","","","","","","","","","","","","","","","",""