"Product Name","Cash Value","Store credit","","","","","","","","","","","","","","","","","","","","","","",""
".HACK // G.U. LAST RECODE","RM10","15","","Any game that is the Chinese or Japanese version will have RM20 deducted from its trade-in price.","","","","","","","","","","","","","","3,000","","","","","","",""
"13 SENTINELS : AEGIS RIM","RM10","15","","","","","","","","","","","","","","","","2,000","","","","","","",""
"1971 PROJECT HELIOS","RM5","8","","Any game that doesn't have game case will have RM15 deducted from its trade-in price","","","","","","","","","","","","","","3,000","","","","","","",""
"7 DAYS TO DIE","RM10","15","","","","","","","","","","","","","","","","3,000","","","","","","",""
"8 TO GLORY","RM0","0","","","","","","","","","","","","","","","","3,000","","","","","","",""
"A PLAGUE TALE : INNOCENCE","RM15","20","","Can't find your old games trade-in price here? ","","","","","","","","","","","","","","2,000","","","","","","",""
"A WAY OUT","RM20","30","","Contact us via email or whatsapp to get a quote, we accept all PS4, PS5, and Nintendo Switch Games!","","","","","","","","","","","","","","2,000","","","","","","",""
"A.O.T. WINGS OF FREEDOM","RM10","15","","whatsapp - ","011-54196680","","","","","","","","","","","","","1,000","","","","","","",""
"ABZU","RM10","15","","email - ","care@g-h.store","","","","","","","","","","","","","1,000","","","","","","",""
"ACCEL WORLD VS SWORD ART ONLINE","RM10","15","","","","","","","","","","","","","","","","1,000","","","","","","",""
"ACE ATTORNEY INVESTIGATIONS COLLECTIONS","RM30","40","","","","","","","","","","","","","","","","","","","","","","",""
"ACE COMBAT 7 SKIES UNKNOWN","RM20","30","","","","","","","","","","","","","","","","1,000","","","","","","",""
"ADAM'S VENTURE : ORIGINS ","RM10","15","","","","","","","","","","","","","","","","7,000","","","","","","",""
"ADVENTURE TIME : FINN AND JAKE INVESTIGATIONS","RM5","8","","","","","","","","","","","","","","","","1,000","","","","","","",""
"ADVENTURE TIME PIRATES OF THE ENCHIRIDION","RM10","15","","","","","","","","","","","","","","","","2,000","","","","","","",""
"AEGIS OF EARTH PROTONOVUS ASSAULT","RM5","8","","","","","","","","","","","","","","","","2,000","","","","","","",""
"AEREA COLLECTOR'S EDITION","RM5","8","","","","","","","","","","","","","","","","2,000","","","","","","",""
"AGENTS OF MAYHEM","RM5","8","","","","","","","","","","","","","","","","5,000","","","","","","",""
"AI THE SOMNIUM FILES","RM15","20","","","","","","","","","","","","","","","","5,000","","","","","","",""
"AIR CONFLICTS : VIETNAM ","RM5","8","","","","","","","","","","","","","","","","2,000","","","","","","",""
"AIR CONFLICTS DOUBLE PACK","RM10","15","","","","","","","","","","","","","","","","2,000","","","","","","",""
"AIR CONFLICTS SECRET WARS ULTIMATE EDITION","RM10","15","","","","","","","","","","","","","","","","1,000","","","","","","",""
"AIR MISSION : HIND","RM10","15","","","","","","","","","","","","","","","","2,000","","","","","","",""
"AIROHEART","RM5","8","","","","","","","","","","","","","","","","","","","","","","",""
"AKIBA'S BEAT","RM10","15","","","","","","","","","","","","","","","","2,000","","","","","","",""
"AKIBA'S TRIP : UNDEAD & UNDRESSED","RM10","15","","","","","","","","","","","","","","","","2,000","","","","","","",""
"AKIBA'S TRIP 2","RM15","20","","","","","","","","","","","","","","","","3,000","","","","","","",""
"AKIBA'S TRIP HELLBOUND","RM10","15","","","","","","","","","","","","","","","","2,000","","","","","","",""
"ALAN WAKE","RM30","40","","","","","","","","","","","","","","","","3,000","","","","","","",""
"ALEKHINE'S GUN","RM5","8","","","","","","","","","","","","","","","","2,000","","","","","","",""
"ALEX KIDD IN MIRACLE WORLD DX","RM10","15","","","","","","","","","","","","","","","","500","","","","","","",""
"ALIEN ISOLATION","RM10","15","","","","","","","","","","","","","","","","2,000","","","","","","",""
"ALIENATION","RM0","0","","","","","","","","","","","","","","","","2,000","","","","","","",""
"ALIENS : FIRETEAM ELITE","RM15","20","","","","","","","","","","","","","","","","500","","","","","","",""
"ALPINE THE SIMULATION GAME","RM3","5","","","","","","","","","","","","","","","","","","","","","","",""
"AMERICA'S GREATEST GAME SHOWS : WHEEL OF FORTUNE AND JEOPARDY","RM5","10","","","","","","","","","","","","","","","","500","","","","","","",""
"AMERICAN FUGITIVE","RM5","10","","","","","","","","","","","","","","","","500","","","","","","",""
"AMERICAN NINJA WARRIOR : CHALLENGE","RM5","8","","","","","","","","","","","","","","","","500","","","","","","",""
"AMONG THE SLEEP ","RM10","15","","","","","","","","","","","","","","","","500","","","","","","",""
"AMONG US CREWMATE","RM10","15","","","","","","","","","","","","","","","","500","","","","","","",""
"ANCESTORS LEGACY","RM5","8","","","","","","","","","","","","","","","","500","","","","","","",""
"ANDRO DUNOS II","RM3","5","","","","","","","","","","","","","","","","","","","","","","",""
"ANGRY ALLIGATOR","RM10","15","","","","","","","","","","","","","","","","3,000","","","","","","",""
"ANGRY BIRDS STAR WARS","RM15","20","","","","","","","","","","","","","","","","500","","","","","","",""
"ANTHEM","RM0","0","","","","","","","","","","","","","","","","5,000","","","","","","",""
"AO INTERNATIONAL TENNIS","RM5","8","","","","","","","","","","","","","","","","3,000","","","","","","",""
"AO TENNIS 2","RM5","8","","","","","","","","","","","","","","","","3,000","","","","","","",""
"APEX CONSTRUCT","RM5","8","","","","","","","","","","","","","","","","3,000","","","","","","",""
"APSULOV : END OF GODS","RM10","15","","","","","","","","","","","","","","","","2,000","","","","","","",""
"ARAGAMI","RM10","15","","","","","","","","","","","","","","","","2,000","","","","","","",""
"ARCADEGEDDON","RM10","15","","","","","","","","","","","","","","","","2,000","","","","","","",""
"ARCANIA THE COMPLETE TALE","RM5","8","","","","","","","","","","","","","","","","2,000","","","","","","",""
"ARCRADE SPIRITS","RM10","15","","","","","","","","","","","","","","","","5,000","","","","","","",""
"ARE YOU SMARTER THAN A 5TH GRADER","RM10","15","","","","","","","","","","","","","","","","2,000","","","","","","",""
"ARK : SURVIVAL EVOLVED ULTIMATE SURVIVOR","RM20","30","","","","","","","","","","","","","","","","3,000","","","","","","",""
"ARK PARK","RM10","15","","","","","","","","","","","","","","","","2,000","","","","","","",""
"ARK SURVIVAL EVOLVED","RM10","15","","","","","","","","","","","","","","","","500","","","","","","",""
"ARK ULTIMATE SURVIVOR EDITION","RM25","35","","","","","","","","","","","","","","","","","","","","","","",""
"ARMAGALLANT DECKS OF DESTINY","RM5","8","","","","","","","","","","","","","","","","4,000","","","","","","",""
"ARMELLO","RM5","8","","","","","","","","","","","","","","","","2,000","","","","","","",""
"ARMORED CORE VI: FIRES OF RUBICON","RM20","30","","","","","","","","","","","","","","","","","","","","","","",""
"ARSLAN THE WARRIORS OF LEGEND","RM10","15","","","","","","","","","","","","","","","","2,000","","","","","","",""
"ARY AND THE SECRET OF THE SEASONS","RM5","8","","","","","","","","","","","","","","","","3,000","","","","","","",""
"ASHES CRICKET","RM10","15","","","","","","","","","","","","","","","","3,000","","","","","","",""
"ASSASSIN'S CREED 3 REMASTERED","RM30","40","","","","","","","","","","","","","","","","3,000","","","","","","",""
"ASSASSIN'S CREED CHRONICLES","RM10","15","","","","","","","","","","","","","","","","2,000","","","","","","",""
"ASSASSIN'S CREED IV BLACK FLAG","RM30","40","","","","","","","","","","","","","","","","2,000","","","","","","",""
"ASSASSIN'S CREED MIRAGE","RM30","40","","","","","","","","","","","","","","","","","","","","","","",""
"ASSASSIN'S CREED ODYSSEY","RM20","30","","","","","","","","","","","","","","","","1,000","","","","","","",""
"ASSASSIN'S CREED ODYSSEY + ASSASSIN'S CREED ORIGINS DOUBLE PACK","RM30","40","","","","","","","","","","","","","","","","500","","","","","","",""
"ASSASSIN'S CREED ORIGINS","RM20","30","","","","","","","","","","","","","","","","","","","","","","",""
"ASSASSIN'S CREED ROGUE REMASTERED","RM10","15","","","","","","","","","","","","","","","","1,000","","","","","","",""
"ASSASSIN'S CREED SYNDICATE","RM10","15","","","","","","","","","","","","","","","","4,000","","","","","","",""
"ASSASSIN'S CREED THE EZIO COLLECTION","RM20","30","","","","","","","","","","","","","","","","1,000","","","","","","",""
"ASSASSIN'S CREED UNITY","RM15","20","","","","","","","","","","","","","","","","1,000","","","","","","",""
"ASSASSIN'S CREED VALHALLA","RM15","20","","","","","","","","","","","","","","","","1,500","","","","","","",""
"ASSETTO CORSA","RM10","15","","","","","","","","","","","","","","","","1,000","","","","","","",""
"ASSETTO CORSA COMPETIZIONE","RM10","15","","","","","","","","","","","","","","","","1,000","","","","","","",""
"ASTRIA ASCENDING","RM15","20","","","","","","","","","","","","","","","","1,000","","","","","","",""
"ASTRONEER","RM5","8","","","","","","","","","","","","","","","","1,000","","","","","","",""
"ATARI FLASHBACK CLASSICS : VOLUME 1","RM10","15","","","","","","","","","","","","","","","","4,000","","","","","","",""
"ATARI FLASHBACK CLASSICS : VOLUME 2","RM10","15","","","","","","","","","","","","","","","","3,000","","","","","","",""
"ATARI FLASHBACK CLASSICS : VOLUME 3","RM10","15","","","","","","","","","","","","","","","","2,000","","","","","","",""
"ATELIER FIRIS THE ALCHEMIST AND THE MYSTERIOUS JOURNEY","RM20","30","","","","","","","","","","","","","","","","1,000","","","","","","",""
"ATELIER LULUA THE SCION OF ARLAND","RM40","60","","","","","","","","","","","","","","","","2,000","","","","","","",""
"ATELIER LYDIE & SUELL","RM10","15","","","","","","","","","","","","","","","","500","","","","","","",""
"ATELIER MARIE REMAKE: THE ALCHEMIST OF SALBURG","RM20","30","","","","","","","","","","","","","","","","","","","","","","",""
"ATELIER RYZA 2: LOST LEGENDS","RM20","30","","","","","","","","","","","","","","","","2,000","","","","","","",""
"ATELIER RYZA 3: ALCHEMIST OF THE END & THE SECRET KEY","RM40","60","","","","","","","","","","","","","","","","","","","","","","",""
"ATELIER RYZA EVER DARKNESS & THE SECRET HIDEOUT","RM40","60","","","","","","","","","","","","","","","","500","","","","","","",""
"ATELIER SOPHIE","RM35","50","","","","","","","","","","","","","","","","2,000","","","","","","",""
"ATELIER SOPHIE 2","RM40","60","","","","","","","","","","","","","","","","500","","","","","","",""
"ATOMIC HEART","RM20","30","","","","","","","","","","","","","","","","2,000","","","","","","",""
"ATTACK ON TITAN","RM10","15","","","","","","","","","","","","","","","","2,000","","","","","","",""
"ATTACK ON TITAN 2","RM15","20","","","","","","","","","","","","","","","","2,000","","","","","","",""
"ATTACK ON TITAN 2 FINAL BATTLE","RM15","20","","","","","","","","","","","","","","","","3,000","","","","","","",""
"ATV DRIFT AND TRICKS ","RM10","15","","","","","","","","","","","","","","","","500","","","","","","",""
"ATV RENEGADES","RM10","15","","",""," ","","","","","","","","","","","","2,000","","","","","","",""
"AVEN COLONY","RM5","8","","","","","","","","","","","","","","","","2,000","","","","","","",""
"AVICII INVECTOR","RM0","0","","","","","","","","","","","","","","","","2,000","","","","","","",""
"AWAY : THE SURVIVAL SERIES","RM5","8","","","","","","","","","","","","","","","","2,000","","","","","","",""
"AWESOMENAUTS ASSEMBLE","RM5","8","","","","","","","","","","","","","","","","300","","","","","","",""
"AXIOM VERGE","RM10","15","","","","","","","","","","","","","","","","2,000","","","","","","",""
"AZURE STRIKER GUNVOLT STRIKER PACK","RM10","15","","","","","","","","","","","","","","","","","","","","","","",""
"BABYLONS FALL","","","","","","","","","","","","","","","","","","2,000","","","","","","",""
"BACK 4 BLOOD","RM5","8","","","","","","","","","","","","","","","","2,000","","","","","","",""
"BACK TO THE FUTURE : THE GAME 30TH ANNIVERSARY","RM15","20","","","","","","","","","","","","","","","","3,000","","","","","","",""
"BALAN WONDERWORLD","RM5","8","","","","","","","","","","","","","","","","3,000","","","","","","",""
"BALDUR'S GATE","RM10","15","","","","","","","","","","","","","","","","3,000","","","","","","",""
"BALDUR'S GATE 1 AND 2","RM10","15","","","","","","","","","","","","","","","","1,000","","","","","","",""
"BARE KNUCKLE IV","RM5","8","","","","","","","","","","","","","","","","","","","","","","",""
"BATMAN ARKHAM KNIGHT","RM5","8","","","","","","","","","","","","","","","","1,000","","","","","","",""
"BATMAN RETURN TO ARKHAM - ARKHAM ASYLUM","RM5","8","","","","","","","","","","","","","","","","500","","","","","","",""
"BATMAN RETURN TO ARKHAM - ARKHAM CITY","RM5","8","","","","","","","","","","","","","","","","5,000","","","","","","",""
"BATMAN THE ENEMY WITHIN","RM10","15","","","","","","","","","","","","","","","","5,000","","","","","","",""
"BATMAN THE TELLTALE SERIES","RM5","8","","","","","","","","","","","","","","","","2,000","","","","","","",""
"BATTLE CHASERS NIGHTWAR","RM5","8","","","","","","","","","","","","","","","","2,000","","","","","","",""
"BATTLEBORN","RM0","0","","","","","","","","","","","","","","","","2,000","","","","","","",""
"BATTLEFIELD 1","RM3","5","","","","","","","","","","","","","","","","1,000","","","","","","",""
"BATTLEFIELD 2042","RM10","15","","","","","","","","","","","","","","","","1,000","","","","","","",""
"BATTLEFIELD 4","RM3","5","","","","","","","","","","","","","","","","4,000","","","","","","",""
"BATTLEFIELD 5","RM5","8","","","","","","","","","","","","","","","","2,000","","","","","","",""
"BATTLEFIELD HARDLINE","RM3","5","","","","","","","","","","","","","","","","3,000","","","","","","",""
"BAYONETTA AND VANQUISH 10TH ANNIVERSARY BUNDLE","RM10","15","","","","","","","","","","","","","","","","3,000","","","","","","",""
"BEAST QUEST","RM3","5","","","","","","","","","","","","","","","","4,000","","","","","","",""
"BEE SIMULATOR","RM3","5","","","","","","","","","","","","","","","","3,000","","","","","","",""
"BEN 10","RM5","8","","","","","","","","","","","","","","","","1,000","","","","","","",""
"BEN 10 : POWER TRIP ","RM5","8","","","","","","","","","","","","","","","","2,000","","","","","","",""
"BENDY AND THE INK MACHINE","RM15","20","","","","","","","","","","","","","","","","2,000","","","","","","",""
"BERSERK AND THE BAND OF THE HAWK","RM10","15","","","","","","","","","","","","","","","","500","","","","","","",""
"BEYOND A STEEL SKY","RM15","20","","","","","","","","","","","","","","","","1,000","","","","","","",""
"BIBI AND TINA AT THE HORSE FARM","RM5","8","","","","","","","","","","","","","","","","2,000","","","","","","",""
"BIG BUCK HUNTER ACRADE","RM10","15","","","","","","","","","","","","","","","","500","","","","","","",""
"BIG RUMBLE BOXING : CREED CHAMPIONS","RM10","15","","","","","","","","","","","","","","","","3,000","","","","","","",""
"BIOHAZARD 5 / RESIDENT EVIL 5","RM10","15","","","","","","","","","","","","","","","","3,000","","","","","","",""
"BIOMUTANT","RM10","15","","","","","","","","","","","","","","","","3,000","","","","","","",""
"BIOSHOCK COLLECTION","RM15","20","","","","","","","","","","","","","","","","4,000","","","","","","",""
"BIRTHDAYS THE BEGINNING","RM3","5","","","","","","","","","","","","","","","","15,000","","","","","","",""
"BLACK CLOVER QUARTET KNIGHTS","RM10","15","","","","","","","","","","","","","","","","4,000","","","","","","",""
"BLACK DESERT PRESTIGE","RM10","15","","","","","","","","","","","","","","","","1,000","","","","","","",""
"BLACK MIRROR","RM5","8","","","","","","","","","","","","","","","","1,000","","","","","","",""
"BLACKGUARDS 2","RM5","8","","","","","","","","","","","","","","","","3,000","","","","","","",""
"BLACKHOLE COMPLETE EDITION (R2)","RM3","5","","","","","","","","","","","","","","","","3,000","","","","","","",""
"BLACKSAD : UNDER THE SKIN LIMITED","RM5","8","","","","","","","","","","","","","","","","3,000","","","","","","",""
"BLADE ARCUS FROM SHINING EX","RM5","8","","","","","","","","","","","","","","","","4,000","","","","","","",""
"BLADED FURY","RM10","15","","","","","","","","","","","","","","","","500","","","","","","",""
"BLADESTORM: NIGHTMARE","RM5","8","","","","","","","","","","","","","","","","1,000","","","","","","",""
"BLAIR WITCH ","RM15","20","","","","","","","","","","","","","","","","2,000","","","","","","",""
"BLASPHEMOUS DELUXE","RM10","15","","","","","","","","","","","","","","","","1,000","","","","","","",""
"BLAZBLUE CENTRAL FICTION","RM10","15","","","","","","","","","","","","","","","","4,000","","","","","","",""
"BLAZBLUE CHRONOPHANTASMA EXTEND","RM5","8","","","","","","","","","","","","","","","","4,000","","","","","","",""
"BLAZBLUE CROSS TAG BATTLE","RM10","15","","","","","","","","","","","","","","","","2,000","","","","","","",""
"BLOOD AND TRUTH","RM5","8","","","","","","","","","","","","","","","","2,000","","","","","","",""
"BLOOD BOWL 2","RM5","8","","","","","","","","","","","","","","","","2,000","","","","","","",""
"BLOODBORNE","RM15","20","","","","","","","","","","","","","","","","1,000","","","","","","",""
"BLOODBORNE OLD HUNTER EDITION/GOTY","RM10","15","","","","","","","","","","","","","","","","1,000","","","","","","",""
"BLOODSTAINED RITUAL OF THE NIGHT","RM10","15","","","","","","","","","","","","","","","","500","","","","","","",""
"BLUE FIRE","RM15","20","","","","","","","","","","","","","","","","3,000","","","","","","",""
"BLUE REFLECTION","RM10","15","","","","","","","","","","","","","","","","1,000","","","","","","",""
"BORDERLANDS 3","RM5","8","","","","","","","","","","","","","","","","500","","","","","","",""
"BORDERLANDS GAME OF THE YEAR EDITION","RM5","8","","","","","","","","","","","","","","","","3,000","","","","","","",""
"BORDERLANDS THE HANDSOME COLLECTION","RM5","8","","","","","","","","","","","","","","","","4,000","","","","","","",""
"BOUND BY FLAME","RM5","8","","","","","","","","","","","","","","","","2,000","","","","","","",""
"BRAWLOUT DELUXE EDITION","RM5","8","","","","","","","","","","","","","","","","500","","","","","","",""
"BRIDGE CONSTRUCTOR PORTAL","RM10","15","","","","","","","","","","","","","","","","2,000","","","","","","",""
"BROFORCE / DELUXE EDITION","RM10","15","","","","","","","","","","","","","","","","","","","","","","",""
"BROTHERS: A TALE OF TWO SONS","RM5","8","","","","","","","","","","","","","","","","2,000","","","","","","",""
"BRUNSWICK PRO BOWLING","RM3","5","","","","","","","","","","","","","","","","1,000","","","","","","",""
"BUBSY : PAWS ON FIRE","RM3","5","","","","","","","","","","","","","","","","3,000","","","","","","",""
"BUBSY THE WOOLIES STRIKE BACK","RM10","15","","","","","","","","","","","","","","","","1,000","","","","","","",""
"BUGSNAX","RM10","15","","","","","","","","","","","","","","","","500","","","","","","",""
"BULLET GIRLS PHANTASIA","RM3","5","","","","","","","","","","","","","","","","1,000","","","","","","",""
"BULLETSTORMFULL CLIP EDITION","RM5","8","","","","","","","","","","","","","","","","5,000","","","","","","",""
"BUNNY PARK","RM5","8","","","","","","","","","","","","","","","","8,000","","","","","","",""
"BURNOUT PARADISE REMASTERED","RM10","15","","","","","","","","","","","","","","","","1,000","","","","","","",""
"CABELA'S AFRICAN ADVENTURES","RM5","8","","","","","","","","","","","","","","","","1,000","","","","","","",""
"CALADRIUS BLAZE","RM5","8","","","","","","","","","","","","","","","","1,000","","","","","","",""
"CALIGULA OVERDOSE","RM5","8","","","","","","","","","","","","","","","","2,000","","","","","","",""
"CALL OF CTHULHU","RM10","15","","","","","","","","","","","","","","","","2,000","","","","","","",""
"CALL OF DUTY : BLACk OPS COLD WAR","RM15","20","","","","","","","","","","","","","","","","2,000","","","","","","",""
"Call of Duty : Vanguard","RM15","20","","","","","","","","","","","","","","","","2,000","","","","","","",""
"CALL OF DUTY ADVANCED WARFARE","RM5","8","","","","","","","","","","","","","","","","2,000","","","","","","",""
"CALL OF DUTY BLACK OPS 3","RM20","30","","","","","","","","","","","","","","","","2,000","","","","","","",""
"CALL OF DUTY BLACK OPS 4","RM20","30","","","","","","","","","","","","","","","","3,000","","","","","","",""
"CALL OF DUTY BLACK OPS 6","RM60","80","","","","","","","","","","","","","","","","","","","","","","",""
"CALL OF DUTY GHOSTS","RM15","20","","","","","","","","","","","","","","","","3,000","","","","","","",""
"CALL OF DUTY INFINITE WARFARE","RM10","15","","","","","","","","","","","","","","","","3,000","","","","","","",""
"CALL OF DUTY MODERN WARFARE (2019)","RM10","15","","","","","","","","","","","","","","","","10,000","","","","","","",""
"CALL OF DUTY MODERN WARFARE 2","RM45","60","","","","","","","","","","","","","","","","3,000","","","","","","",""
"CALL OF DUTY MODERN WARFARE 3","RM60","80","","","","","","","","","","","","","","","","","","","","","","",""
"CALL OF DUTY MODERN WARFARE REMASTERED","RM15","20","","","","","","","","","","","","","","","","2,000","","","","","","",""
"CALL OF DUTY WWII","RM35","50","","","","","","","","","","","","","","","","2,000","","","","","","",""
"CAN'T DRIVE THIS","RM10","15","","","","","","","","","","","","","","","","2,000","","","","","","",""
"CANDLE THE POWER OF THE FLAME","RM5","8","","","","","","","","","","","","","","","","2,000","","","","","","",""
"CAPCOM FIGHTING COLLECTION","RM15","20","","","","","","","","","","","","","","","","2,000","","","","","","",""
"CAPCOM FIGHTING COLLECTION 2","RM20","30","","","","","","","","","","","","","","","","","","","","","","",""
"CAPTAIN TSUBASA","RM10","15","","","","","","","","","","","","","","","","1,000","","","","","","",""
"CAR MECHANIC SIMULATOR","RM10","15","","","","","","","","","","","","","","","","2,000","","","","","","",""
"CARMAGEDDON : MAX DAMAGE","RM5","8","","","","","","","","","","","","","","","","2,000","","","","","","",""
"CARNIVAL GAMES","RM10","15","","","","","","","","","","","","","","","","500","","","","","","",""
"CARS 3 DRIVEN TO WIN","RM10","15","","","","","","","","","","","","","","","","2,000","","","","","","",""
"CAT QUEST AND CAT QUEST 2 : THE PAWSOME PACK","RM10","15","","","","","","","","","","","","","","","","2,000","","","","","","",""
"CATHERINE FULL BODY","RM15","20","","","","","","","","","","","","","","","","2,000","","","","","","",""
"CHERNOBYLITE","RM10","15","","","","","","","","","","","","","","","","2,000","","","","","","",""
"CHICKEN POLICE : PAINT IN RED","RM5","8","","","","","","","","","","","","","","","","3,000","","","","","","",""
"CHILDREN OF MORTA","RM5","8","","","","","","","","","","","","","","","","2,000","","","","","","",""
"CHIVALRY 2","RM5","8","","","","","","","","","","","","","","","","3,000","","","","","","",""
"CHORUS","RM5","8","","","","","","","","","","","","","","","","2,000","","","","","","",""
"CHRONOS : BEFORE THE ASHES","RM10","15","","","","","","","","","","","","","","","","3,000","","","","","","",""
"CITADEL FORGED WITH FIRE","RM5","8","","","","","","","","","","","","","","","","4,000","","","","","","",""
"CITIES : SKYLINES ","RM15","20","","","","","","","","","","","","","","","","2,000","","","","","","",""
"CITIZENS UNITE!: EARTH X SPACE","RM15","20","","","","","","","","","","","","","","","","","","","","","","",""
"CLADUN RETURNS ","RM5","8","","","","","","","","","","","","","","","","500","","","","","","",""
"CLOSE TO THE SUN","RM5","8","","","","","","","","","","","","","","","","500","","","","","","",""
"CLOUDPUNK","RM10","15","","","","","","","","","","","","","","","","2,000","","","","","","",""
"COBRA KAI : THE KARATE KID SAGA CONTINUES","RM10","15","","","","","","","","","","","","","","","","2,000","","","","","","",""
"COBRA KAI 2 DOJOS RISING ","RM15","20","","","","","","","","","","","","","","","","2,000","","","","","","",""
"CODE : REALIZE BOUQUET OF RAINBOWS","RM10","15","","","","","","","","","","","","","","","","2,000","","","","","","",""
"CODE VEIN","RM5","8","","","","","","","","","","","","","","","","2,000","","","","","","",""
"COMMANDOS 2 AND PRAETORIANS HD REMASTER ","RM5","8","","","","","","","","","","","","","","","","2,000","","","","","","",""
"CONAN EXILES","RM10","15","","","","","","","","","","","","","","","","2,000","","","","","","",""
"CONCRETE GENIE","RM10","15","","","","","","","","","","","","","","","","2,000","","","","","","",""
"CONNECTANK","RM10","15","","","","","","","","","","","","","","","","2,000","","","","","","",""
"CONSTRUCTOR","RM3","5","","","","","","","","","","","","","","","","1,000","","","","","","",""
"CONTRA : ROGUE CORPS","RM10","15","","","","","","","","","","","","","","","","2,000","","","","","","",""
"CONTROL","RM5","8","","","","","","","","","","","","","","","","2,000","","","","","","",""
"CONTROL ULTIMATE EDITION","RM15","20","","","","","","","","","","","","","","","","2,000","","","","","","",""
"COOKING MAMA : COOKSTAR","RM10","15","","","","","","","","","","","","","","","","2,000","","","","","","",""
"CRASH BANDICOOT 4: IT'S ABOUT TIME","RM20","30","","","","","","","","","","","","","","","","5,000","","","","","","",""
"CRASH BANDICOOT N-SANE TRILOGY","RM20","30","","","","","","","","","","","","","","","","2,000","","","","","","",""
"CRASH TEAM RACING NITRO FUELED","RM15","20","","","","","","","","","","","","","","","","2,000","","","","","","",""
"CRASH TEAM RACING NITRO FUELED + CRASH BANDICOOT N-SANE TRILOGY","RM30","40","","","","","","","","","","","","","","","","","","","","","","",""
"CRASH TEAM RUMBLE","RM20","30","","","","","","","","","","","","","","","","","","","","","","",""
"CRAYOLA SCOOT","RM5","8","","","","","","","","","","","","","","","","2,000","","","","","","",""
"CREED : RISE TO GLORY","RM10","15","","","","","","","","","","","","","","","","500","","","","","","",""
"CRICKET 19","RM10","15","","","","","","","","","","","","","","","","","","","","","","",""
"CRIMES AND PUNISHMENTS : SHERLOCK HOLMES","RM10","15","","","","","","","","","","","","","","","","500","","","","","","",""
"CRIS TALES","RM3","5","","","","","","","","","","","","","","","","","","","","","","",""
"CRISIS CORE FINAL FANTASY 7 VII REUNION","RM35","50","","","","","","","","","","","","","","","","2,500","","","","","","",""
"CRYPT OF THE NECRODANCER","RM10","15","","","","","","","","","","","","","","","","1,000","","","","","","",""
"CRYSIS TRILOGY","RM20","30","","","","","","","","","","","","","","","","1,000","","","","","","",""
"CRYSTAR","RM5","8","","","","","","","","","","","","","","","","1,000","","","","","","",""
"CURVED SPACE","RM5","8","","","","","","","","","","","","","","","","1,000","","","","","","",""
"CYBERDIMENSION NEPTUNIA 4 GODDESSES ONLINE","RM20","30","","","","","","","","","","","","","","","","2,000","","","","","","",""
"CYBERPUNK 2077","RM40","55","","","","","","","","","","","","","","","","2,000","","","","","","",""
"DAEDALUS THE AWAKENING OF GOLDEN JAZZ","RM10","15","","","","","","","","","","","","","","","","500","","","","","","",""
"DAKAR 18","RM5","8","","","","","","","","","","","","","","","","13,000","","","","","","",""
"DAKAR DESSERT RALLY","RM10","15","","","","","","","","","","","","","","","","2,000","","","","","","",""
"DANGANRONPA 1.2 RELOAD","RM20","30","","","","","","","","","","","","","","","","2,000","","","","","","",""
"DANGANRONPA ANOTHER EPISODE ULTRA DESPAIR GIRLS","RM20","30","","","","","","","","","","","","","","","","2,000","","","","","","",""
"DANGANRONPA TRILOGY","RM30","40","","","","","","","","","","","","","","","","2,000","","","","","","",""
"DANGANRONPA V3","RM15","20","","","","","","","","","","","","","","","","2,000","","","","","","",""
"DANGEROUS DRIVING","RM15","20","","","","","","","","","","","","","","","","8,000","","","","","","",""
"DARIUSBURST : ANOTHER CHRONICLE EX PLUS","RM15","20","","","","","","","","","","","","","","","","5,000","","","","","","",""
"DARK ROSE VALKYRIE","RM10","15","","","","","","","","","","","","","","","","500","","","","","","",""
"DARK SOULS 2 SCHOLAR OF THE FIRST SIN","RM10","15","","","","","","","","","","","","","","","","2,000","","","","","","",""
"DARK SOULS 3","RM5","8","","","","","","","","","","","","","","","","2,000","","","","","","",""
"DARK SOULS 3 THE FIRE FADES EDITION","RM15","20","","","","","","","","","","","","","","","","300","","","","","","",""
"DARK SOULS REMASTERED","RM15","20","","","","","","","","","","","","","","","","300","","","","","","",""
"DARK SOULS TRILOGY","RM25","35","","","","","","","","","","","","","","","","1,000","","","","","","",""
"DARK THRONES AND WITCH HUNTER ","RM5","8","","","","","","","","","","","","","","","","2,000","","","","","","",""
"DARKSIDERS : GENESIS","RM5","8","","","","","","","","","","","","","","","","3,000","","","","","","",""
"DARKSIDERS 3","RM5","8","","","","","","","","","","","","","","","","1,000","","","","","","",""
"DARKSIDERS II: DEATHINITIVE EDITION","RM5","8","","","","","","","","","","","","","","","","500","","","","","","",""
"DARKSIDERS WARMASTERED EDITION","RM10","15","","","","","","","","","","","","","","","","1,000","","","","","","",""
"DATE A LIVE : RIO REINCARNATION","RM10","15","","","","","","","","","","","","","","","","1,000","","","","","","",""
"DAYMARE 1998","RM10","15","","","","","","","","","","","","","","","","1,000","","","","","","",""
"DAYS GONE","RM15","20","","","","","","","","","","","","","","","","3,000","","","","","","",""
"DAYZ","RM20","30","","","","","","","","","","","","","","","","1,000","","","","","","",""
"DC LEAGUE OF SUPER-PETS : THE ADVENTURES OF KRYPTO AND ACE","RM15","20","","","","","","","","","","","","","","","","1,000","","","","","","",""
"DCL - THE GAME","RM5","8","","","","","","","","","","","","","","","","300","","","","","","",""
"DE-FORMERS","RM5","8","","","","","","","","","","","","","","","","1,000","","","","","","",""
"DEAD ALLIANCE","RM5","8","","","","","","","","","","","","","","","","3,000","","","","","","",""
"DEAD BY DAYLIGHT","RM15","20","","","","","","","","","","","","","","","","4,000","","","","","","",""
"DEAD BY DAYLIGHT NIGHTMARE","RM20","30","","","","","","","","","","","","","","","","300","","","","","","",""
"DEAD CELLS","RM10","15","","","","","","","","","","","","","","","","300","","","","","","",""
"DEAD ISLAND 2","RM10","15","","","","","","","","","","","","","","","","500","","","","","","",""
"DEAD ISLAND: DEFINITIVE EDITION","RM10","15","","","","","","","","","","","","","","","","1,000","","","","","","",""
"DEAD OR ALIVE 5 LAST ROUND","RM10","15","","","","","","","","","","","","","","","","13,000","","","","","","",""
"DEAD OR ALIVE 6","RM10","15","","","","","","","","","","","","","","","","500","","","","","","",""
"DEAD OR ALIVE XTREME 3 FORTUNE","RM10","15","","","","","","","","","","","","","","","","1,000","","","","","","",""
"DEAD OR ALIVE XTREME 3 SCARLET","RM10","15","","","","","","","","","","","","","","","","4,000","","","","","","",""
"DEAD RISING 2","RM10","15","","","","","","","","","","","","","","","","1,000","","","","","","",""
"DEAD RISING 4 FRANKS BIG PACKAGE","RM10","15","","","","","","","","","","","","","","","","1,000","","","","","","",""
"DEAD RISING HD","RM5","8","","","","","","","","","","","","","","","","1,000","","","","","","",""
"DEADLIGHT DIRECTOR'S CUT","RM15","20","","","","","","","","","","","","","","","","3,000","","","","","","",""
"DEADPOOL","RM30","40","","","","","","","","","","","","","","","","1,000","","","","","","",""
"DEATH END REQUEST 2","RM10","15","","","","","","","","","","","","","","","","1,000","","","","","","",""
"DEATH MARK","RM3","5","","","","","","","","","","","","","","","","2,000","","","","","","",""
"DEATH STRANDING","RM10","15","","","","","","","","","","","","","","","","2,000","","","","","","",""
"DEATH'S GAMBIT","RM5","8","","","","","","","","","","","","","","","","1,000","","","","","","",""
"DECEPTION IV : THE NIGHTMARE PRINCESS","RM15","20","","","","","","","","","","","","","","","","2,000","","","","","","",""
"DEEMO","RM10","15","","","","","","","","","","","","","","","","5,000","","","","","","",""
"DEER HUNTER : RELOADED","RM10","15","","","","","","","","","","","","","","","","2,000","","","","","","",""
"DELIVER US THE MOON","RM10","15","","","","","","","","","","","","","","","","3,000","","","","","","",""
"DEMON GAZE 2","RM15","20","","","","","","","","","","","","","","","","1,000","","","","","","",""
"DEMON SLAYER","RM15","20","","","","","","","","","","","","","","","","1,000","","","","","","",""
"DENGEKI BUNKO FIGHTING CLIMAX IGNITION","RM10","15","","","","","","","","","","","","","","","","1,000","","","","","","",""
"DESCENDERS","RM10","15","","","","","","","","","","","","","","","","1,000","","","","","","",""
"DESPERADOS 3","RM5","8","","","","","","","","","","","","","","","","1,000","","","","","","",""
"DESTINY","RM3","5","","","","","","","","","","","","","","","","","","","","","","",""
"DESTINY 2","RM3","5","","","","","","","","","","","","","","","","","","","","","","",""
"DESTINY 2: FORSAKEN LEGENDARY COLLECTION","RM20","30","","","","","","","","","","","","","","","","2,000","","","","","","",""
"DESTINY: THE TAKEN KING LEGENDARY EDITION ","RM3","5","","","","","","","","","","","","","","","","","","","","","","",""
"DESTROY ALL HUMANS ","RM5","8","","","","","","","","","","","","","","","","2,000","","","","","","",""
"DESTROY ALL HUMANS! 2","RM15","20","","","","","","","","","","","","","","","","","","","","","","",""
"DETROIT BECOME HUMAN","RM15","20","","","","","","","","","","","","","","","","15,000","","","","","","",""
"DEUS EX: MANKIND DIVIDED","RM3","5","","","","","","","","","","","","","","","","2,000","","","","","","",""
"DEVIL MAY CRY 4 SPECIAL EDITION","RM5","8","","","","","","","","","","","","","","","","2,000","","","","","","",""
"DEVIL MAY CRY 5","RM10","15","","","","","","","","","","","","","","","","2,000","","","","","","",""
"DEVIL MAY CRY DEFINITIVE EDITION","RM5","8","","","","","","","","","","","","","","","","3,000","","","","","","",""
"DEVIL MAY CRY HD COLLECTION","RM15","20","","","","","","","","","","","","","","","","13,000","","","","","","",""
"DIABLO 3 ETERNAL COLLECTION","RM15","20","","","","","","","","","","","","","","","","2,000","","","","","","",""
"DIABLO 3 REAPER OF SOULS","RM10","15","","","","","","","","","","","","","","","","2,000","","","","","","",""
"DIABLO 4","RM65","90","","","","","","","","","","","","","","","","2,000","","","","","","",""
"DIGIMON CYBERSLEUTH: HACKERS MEMORY","RM5","8","","","","","","","","","","","","","","","","2,000","","","","","","",""
"DIGIMON STORY CYBER SLEUTH","RM10","15","","","","","","","","","","","","","","","","3,000","","","","","","",""
"DIGIMON SURVIVE","RM10","15","","","","","","","","","","","","","","","","2,000","","","","","","",""
"DIGIMON WORLD: NEXT ORDER","RM10","15","","","","","","","","","","","","","","","","500","","","","","","",""
"DIRT 4","RM15","20","","","","","","","","","","","","","","","","2,000","","","","","","",""
"DIRT 5","RM25","35","","","","","","","","","","","","","","","","2,000","","","","","","",""
"DIRT RALLY 2.0","RM10","15","","","","","","","","","","","","","","","","3,000","","","","","","",""
"DIRT RALLY LEGEND EDITION","RM10","15","","","","","","","","","","","","","","","","500","","","","","","",""
"DISASTER REPORT 4 : SUMMER MEMORIES","RM10","15","","","","","","","","","","","","","","","","4,000","","","","","","",""
"DISCIPLINES : LIBERATION","RM10","15","","","","","","","","","","","","","","","","8,000","","","","","","",""
"DISCO ELYSIUM THE FINAL CUT","RM10","15","","","","","","","","","","","","","","","","3,000","","","","","","",""
"DISGAEA 1 COMPLETE","RM10","15","","","","","","","","","","","","","","","","2,000","","","","","","",""
"DISGAEA 4 COMPLETE PLUS","RM5","8","","","","","","","","","","","","","","","","1,000","","","","","","",""
"DISGAEA 5 ALLIANCE OF VENGEANCE","RM5","8","","","","","","","","","","","","","","","","500","","","","","","",""
"DISGAEA 6 : COMPLETE","RM20","30","","","","","","","","","","","","","","","","1,000","","","","","","",""
"DISHONORED 2","RM3","5","","","","","","","","","","","","","","","","2,000","","","","","","",""
"DISHONORED AND PREY : THE ARKANE COLLECTION","RM10","15","","","","","","","","","","","","","","","","3,000","","","","","","",""
"DISHONORED DEATH OF THE OUTSIDERS","RM5","8","","","","","","","","","","","","","","","","1,000","","","","","","",""
"DISHONORED: DEFINITIVE EDITION","RM5","8","","","","","","","","","","","","","","","","3,000","","","","","","",""
"DISNEY CLASSIC GAMES : ALADDIN AND THE LION KING","RM5","8","","","","","","","","","","","","","","","","3,000","","","","","","",""
"DISNEY CLASSIC GAMES COLLECTION","RM10","15","","","","","","","","","","","","","","","","2,000","","","","","","",""
"DISNEY INFINITY 1.0 EDITION ","","","","","","","","","","","","","","","","","","","","","","","","",""
"DISNEY INFINITY 2.0 EDITION ","","","","","","","","","","","","","","","","","","","","","","","","",""
"DISNEY INFINITY 3.0 EDITION ","","","","","","","","","","","","","","","","","","2,000","","","","","","",""
"DISSIDIA FINAL FANTASY NT","RM5","8","","","","","","","","","","","","","","","","3,000","","","","","","",""
"DIVINITY ORIGINAL SIN 2 DEFINITIVE EDITION","RM10","15","","","","","","","","","","","","","","","","3,000","","","","","","",""
"DIVINITY ORIGINAL SIN ENCHANCED EDITION","RM15","20","","","","","","","","","","","","","","","","2,000","","","","","","",""
"DJMAX RESPECT","RM10","15","","","","","","","","","","","","","","","","3,000","","","","","","",""
"DMC DEVIL MAY CRY : DEFINITIVE EDITION ","RM5","8","","","","","","","","","","","","","","","","2,000","","","","","","",""
"DNF DUEL","RM20","30","","","","","","","","","","","","","","","","2,000","","","","","","",""
"DOCTOR WHO: THE EDGE OF TIME","RM10","15","","","","","","","","","","","","","","","","","","","","","","",""
"DOKI DOKI LITREATURE CLUB PLUS","RM10","15","","","","","","","","","","","","","","","","1,000","","","","","","",""
"DOLLHOUSE","RM15","20","","","","","","","","","","","","","","","","3,000","","","","","","",""
"DOLMEN","RM5","8","","","","","","","","","","","","","","","","4,000","","","","","","",""
"DON'T KNOCK TWICE","RM15","20","","","","","","","","","","","","","","","","3,000","","","","","","",""
"DON'T STARVE MEGA PACK","RM15","20","","","","","","","","","","","","","","","","3,000","","","","","","",""
"DOOM","RM5","8","","","","","","","","","","","","","","","","2,000","","","","","","",""
"DOOM ETERNAL","RM10","15","","","","","","","","","","","","","","","","2,000","","","","","","",""
"DOOM VFR","RM5","8","","","","","","","","","","","","","","","","1,000","","","","","","",""
"DORAEMON STORY OF SEASONS","RM15","20","","","","","","","","","","","","","","","","1,000","","","","","","",""
"DOUG FLUTIE MAXIMUM FOOTBALL 2019","RM3","5","","","","","","","","","","","","","","","","300","","","","","","",""
"DRAGON : DAWN OF NEW RIDERS","RM5","8","","","","","","","","","","","","","","","","13,000","","","","","","",""
"DRAGON AGE INQUISITION","RM5","8","","","","","","","","","","","","","","","","2,000","","","","","","",""
"DRAGON BALL : THE BREAKERS SPECIAL EDITION ","RM10","15","","","","","","","","","","","","","","","","2,000","","","","","","",""
"DRAGON BALL FIGHTER Z","RM5","8","","","","","","","","","","","","","","","","2,000","","","","","","",""
"DRAGON BALL FIGHTERZ + DRAGON BALL XENOVERSE 2","RM15","20","","","","","","","","","","","","","","","","2,000","","","","","","",""
"DRAGON BALL KAKAROT","RM15","20","","","","","","","","","","","","","","","","2,000","","","","","","",""
"DRAGON BALL XENOVERSE 2","RM10","15","","","","","","","","","","","","","","","","2,000","","","","","","",""
"DRAGON BALL XENOVERSE XV","RM5","8","","","","","","","","","","","","","","","","3,000","","","","","","",""
"DRAGON CROWN PRO","RM10","15","","","","","","","","","","","","","","","","1,000","","","","","","",""
"DRAGON QUEST BUILDERS","RM5","8","","","","","","","","","","","","","","","","1,000","","","","","","",""
"DRAGON QUEST BUILDERS 2","RM10","15","","","","","","","","","","","","","","","","2,000","","","","","","",""
"DRAGON QUEST HEROES II","RM10","15","","","","","","","","","","","","","","","","4,000","","","","","","",""
"DRAGON QUEST HEROES THE WORLD TREE'S WOE AND THE BLIGHT BELOW","RM5","8","","","","","","","","","","","","","","","","1,000","","","","","","",""
"DRAGON QUEST HEROES: YAMIRYUU TO SEKAIJU NO SHIRO ","RM10","15","","","","","","","","","","","","","","","","","","","","","","",""
"DRAGON QUEST XI","RM5","8","","","","","","","","","","","","","","","","2,000","","","","","","",""
"DRAGON QUEST XI S : ECHOES OF AN ELUSIVE AGE DEFINITIVE EDITION","RM15","20","","","","","","","","","","","","","","","","3,000","","","","","","",""
"DRAGON STAR VARNIR ","RM15","20","","","","","","","","","","","","","","","","2,000","","","","","","",""
"DRAGON'S DOGMA : DARK ARISEN","RM10","15","","","","","","","","","","","","","","","","2,000","","","","","","",""
"DREAMS","RM10","15","","","","","","","","","","","","","","","","4,000","","","","","","",""
"DREAMWORKS DRAGONS : LEGENDS OF THE NINE REALMS","RM10","15","","","","","","","","","","","","","","","","","","","","","","",""
"DREAMWORKS DRAGONS: DAWN OF NEW RIDERS","RM10","15","","","","","","","","","","","","","","","","2,000","","","","","","",""
"DREAMWORKS SPIRIT LUCKY'S BIG ADVENTURE","RM5","8","","","","","","","","","","","","","","","","3,000","","","","","","",""
"DRIVECLUB","RM5","8","","","","","","","","","","","","","","","","300","","","","","","",""
"DUKE NUKEM 3D","RM10","15","","","","","","","","","","","","","","","","300","","","","","","",""
"DUNGEON OF THE ENDLESS","RM15","20","","","","","","","","","","","","","","","","300","","","","","","",""
"DUNGEONS 2","RM10","15","","","","","","","","","","","","","","","","2,000","","","","","","",""
"DUNGEONS 3","RM5","8","","","","","","","","","","","","","","","","3,000","","","","","","",""
"DUNGEONS AND DRAGONS DARK ALLIANCE","RM5","8","","","","","","","","","","","","","","","","5,000","","","","","","",""
"DUSK DIVER    ","RM15","20","","","","","","","","","","","","","","","","5,000","","","","","","",""
"DUSK DIVER 2","RM15","20","","","","","","","","","","","","","","","","2,000","","","","","","",""
"DYING LIGHT","RM10","15","","","","","","","","","","","","","","","","1,000","","","","","","",""
"DYING LIGHT 2","RM20","30","","","","","","","","","","","","","","","","3,000","","","","","","",""
"DYING LIGHT ANNIVERSARY","RM15","20","","","","","","","","","","","","","","","","2,000","","","","","","",""
"DYING LIGHT THE FOLLOWING","RM10","15","","","","","","","","","","","","","","","","2,000","","","","","","",""
"DYNASTY WARRIORS 7 EMPIRES","RM5","8","","","","","","","","","","","","","","","","2,000","","","","","","",""
"DYNASTY WARRIORS 8 EMPIRES","RM10","15","","","","","","","","","","","","","","","","2,000","","","","","","",""
"DYNASTY WARRIORS 8 XTREME LEGENDS COMPLETE EDITION","RM10","15","","","","","","","","","","","","","","","","2,000","","","","","","",""
"DYNASTY WARRIORS 9","RM10","15","","","","","","","","","","","","","","","","2,000","","","","","","",""
"DYNASTY WARRIORS 9 : EMPIRES","RM10","15","","","","","","","","","","","","","","","","2,000","","","","","","",""
"DYNASTY WARRIORS GOD SEEKERS / SHIN SANGOKU MUSOU EIKETSUDEN","RM15","20","","","","","","","","","","","","","","","","3,000","","","","","","",""
"EA SPORTS FC 24","RM15","20","","","","","","","","","","","","","","","","","","","","","","",""
"EA SPORTS FC 25","RM25","35","","","","","","","","","","","","","","","","","","","","","","",""
"EA SPORTS FC 26","RM40","55","","","","","","","","","","","","","","","","","","","","","","",""
"EA SPORTS RORY MCLLROY PGA TOUR","RM10","15","","","","","","","","","","","","","","","","10,000","","","","","","",""
"EA SPORTS UFC ","","","","","","","","","","","","","","","","","","2,000","","","","","","",""
"EA SPORTS UFC 1","","","","","","","","","","","","","","","","","","1,000","","","","","","",""
"EA SPORTS UFC 2","","","","","","","","","","","","","","","","","","","","","","","","",""
"EA SPORTS UFC 3","","","","","","","","","","","","","","","","","","2,000","","","","","","",""
"EA SPORTS UFC 4","RM40","55","","","","","","","","","","","","","","","","2,000","","","","","","",""
"EARTH DEFENSE FORCE 4.1","RM5","8","","","","","","","","","","","","","","","","500","","","","","","",""
"EARTH DEFENSE FORCE 5","RM15","20","","","","","","","","","","","","","","","","1,000","","","","","","",""
"EARTH DEFENSE FORCE 6","RM25","35","","","","","","","","","","","","","","","","","","","","","","",""
"EARTH DEFENSE FORCE IRON RAIN","RM15","20","","","","","","","","","","","","","","","","2,000","","","","","","",""
"EARTHFALL","RM5","8","","","","","","","","","","","","","","","","2,000","","","","","","",""
"EARTHLOCK FESTIVAL OF MAGIC","RM5","8","","","","","","","","","","","","","","","","2,000","","","","","","",""
"EDGE OF ETERNITY","RM10","15","","","","","","","","","","","","","","","","2,000","","","","","","",""
"EFOOTBALL PES 2020","RM5","8","","","","","","","","","","","","","","","","2,000","","","","","","",""
"EFOOTBALL PES 2021 SEASON UPDATE","RM5","8","","","","","","","","","","","","","","","","2,000","","","","","","",""
"ELDEN RING","RM30","45","","","","","","","","","","","","","","","","2,000","","","","","","",""
"ELEX","RM5","8","","","","","","","","","","","","","","","","2,000","","","","","","",""
"ELEX 2","RM10","15","","","","","","","","","","","","","","","","2,000","","","","","","",""
"ELITE DANGEROUS","RM10","15","","","","","","","","","","","","","","","","3,000","","","","","","",""
"EMPIRE OF SIN","RM10","15","","","","","","","","","","","","","","","","2,000","","","","","","",""
"END OF ETERNITY: RESONANCE OF FATE","RM10","15","","","","","","","","","","","","","","","","2,000","","","","","","",""
"ENDLESS DUNGEON","RM20","30","","","","","","","","","","","","","","","","","","","","","","",""
"EPIC CHEF","RM5","8","","","","","","","","","","","","","","","","7,000","","","","","","",""
"ESCAPE GAME : FORT BOYARD","RM5","8","","","","","","","","","","","","","","","","2,000","","","","","","",""
"EVE VALKYRIE","RM3","5","","","","","","","","","","","","","","","","2,000","","","","","","",""
"EVERYBODY'S GOLF","RM5","8","","","","","","","","","","","","","","","","2,000","","","","","","",""
"EVIL DEAD THE GAME","RM15","20","","","","","","","","","","","","","","","","3,000","","","","","","",""
"EVIL GENIUS 2","RM10","15","","","","","","","","","","","","","","","","2,000","","","","","","",""
"EVIL WEST","RM20","30","","","","","","","","","","","","","","","","2,000","","","","","","",""
"EVOLVE","RM5","8","","","","","","","","","","","","","","","","2,000","","","","","","",""
"EXILE ELECTION","RM10","15","","","","","","","","","","","","","","","","","","","","","","",""
"EXIST ARCHIVE THE OTHER SIDE OF THE SKY","RM10","15","","","","","","","","","","","","","","","","","","","","","","",""
"EXOPRIMAL ","RM10","15","","","","","","","","","","","","","","","","3,000","","","","","","",""
"EXTINCTION","RM5","8","","","","","","","","","","","","","","","","3,000","","","","","","",""
"F1 2017","RM3","5","","","","","","","","","","","","","","","","2,000","","","","","","",""
"F1 2018","RM3","5","","","","","","","","","","","","","","","","1,000","","","","","","",""
"F1 2019","RM5","8","","","","","","","","","","","","","","","","500","","","","","","",""
"F1 2020","RM10","15","","","","","","","","","","","","","","","","1,000","","","","","","",""
"F1 2021","RM15","20","","","","","","","","","","","","","","","","2,000","","","","","","",""
"F1 2022","RM20","30","","","","","","","","","","","","","","","","2,000","","","","","","",""
"F1 2024","RM60","80","","","","","","","","","","","","","","","","","","","","","","",""
"F1 23","RM50","70","","","","","","","","","","","","","","","","","","","","","","",""
"FADE TO SILENCE","RM5","8","","","","","","","","","","","","","","","","8,000","","","","","","",""
"FAIRY FENCER F ADVENT DARK FORCE","RM15","20","","","","","","","","","","","","","","","","3,000","","","","","","",""
"FAIRY TAIL","RM50","70","","","","","","","","","","","","","","","","500","","","","","","",""
"FALLEN LEGION REVENANTS ","RM10","15","","","","","","","","","","","","","","","","3,000","","","","","","",""
"FALLOUT 4","RM5","8","","","","","","","","","","","","","","","","1,000","","","","","","",""
"FALLOUT 76","RM3","5","","","","","","","","","","","","","","","","2,000","","","","","","",""
"FAMILY FEUD","RM5","8","","","","","","","","","","","","","","","","2,000","","","","","","",""
"FAR CRY 3","RM0","0","","","","","","","","","","","","","","","","2,000","","","","","","",""
"FAR CRY 4 LIMITED EDITION","RM5","8","","","","","","","","","","","","","","","","1,000","","","","","","",""
"FAR CRY 5","RM5","8","","","","","","","","","","","","","","","","3,000","","","","","","",""
"FAR CRY 6","RM15","20","","","","","","","","","","","","","","","","3,000","","","","","","",""
"FAR CRY NEW DAWN","RM5","8","","","","","","","","","","","","","","","","1,000","","","","","","",""
"FAR CRY PRIMAL","RM5","8","","","","","","","","","","","","","","","","3,000","","","","","","",""
"FARMING SIMULATOR 15","RM5","8","","","","","","","","","","","","","","","","1,000","","","","","","",""
"FARMING SIMULATOR 17","RM10","15","","","","","","","","","","","","","","","","5,000","","","","","","",""
"FARMING SIMULATOR 17 PLATINIUM","RM10","15","","","","","","","","","","","","","","","","3,000","","","","","","",""
"FARMING SIMULATOR 19","RM10","15","","","","","","","","","","","","","","","","5,000","","","","","","",""
"FARMING SIMULATOR 19 PLATINIUM","RM10","15","","","","","","","","","","","","","","","","500","","","","","","",""
"FARMING SIMULATOR 19 PREMIUM","RM10","15","","","","","","","","","","","","","","","","1,000","","","","","","",""
"FARMING SIMULATOR 22","RM25","35","","","","","","","","","","","","","","","","1,000","","","","","","",""
"FAST & FURIOUS : SPY RACERS RISE OF SH1FT3R","RM10","15","","","","","","","","","","","","","","","","3,000","","","","","","",""
"FAST & FURIOUS CROSSROADS","RM10","15","","","","","","","","","","","","","","","","2,000","","","","","","",""
"FAT PRINCESS ADVENTURES","RM0","0","","","","","","","","","","","","","","","","2,000","","","","","","",""
"FATAL FRAME: MAIDEN OF BLACK WATER","RM30","40","","","","","","","","","","","","","","","","","","","","","","",""
"FATE/EXTELLA : THE UMBRAL STAR / FATE EXTELLA","RM5","8","","","","","","","","","","","","","","","","2,000","","","","","","",""
"FATE/EXTELLA LINK","RM10","15","","","","","","","","","","","","","","","","2,000","","","","","","",""
"FATE/SAMURAI REMNANT","RM60","80","","","","","","","","","","","","","","","","","","","","","","",""
"FIFA 19","","","","","","","","","","","","","","","","","","","","","","","","",""
"FIFA 20","","","","","","","","","","","","","","","","","","1,000","","","","","","",""
"FIFA 21 STANDARD EDITION","RM5","8","","","","","","","","","","","","","","","","2,000","","","","","","",""
"FIFA 22","RM10","15","","","","","","","","","","","","","","","","1,000","","","","","","",""
"FIFA 23","RM15","20","","","","","","","","","","","","","","","","3,000","","","","","","",""
"FIGHTING EX LAYER","RM5","8","","","","","","","","","","","","","","","","2,000","","","","","","",""
"FINAL FANTASY TYPE-0","RM5","8","","","","","","","","","","","","","","","","1,000","","","","","","",""
"FINAL FANTASY VII REMAKE","RM10","15","","","","","","","","","","","","","","","","4,000","","","","","","",""
"FINAL FANTASY X/X-2 HD REMASTER","RM10","15","","","","","","","","","","","","","","","","1,000","","","","","","",""
"FINAL FANTASY XII THE ZODIAC AGE","RM5","8","","","","","","","","","","","","","","","","1,000","","","","","","",""
"FINAL FANTASY XIV: A REALM REBORN (We Dont Take)","","","","","","","","","","","","","","","","","","","","","","","","",""
"FINAL FANTASY XV","RM5","8","","","","","","","","","","","","","","","","500","","","","","","",""
"FINAL FANTASY XV DELUXE EDITION","RM10","15","","","","","","","","","","","","","","","","","","","","","","",""
"FINAL FANTASY XV ROYAL EDITION","RM10","15","","","","","","","","","","","","","","","","","","","","","","",""
"FIRE PRO WRESTLING WORLD","RM10","15","","","","","","","","","","","","","","","","3,000","","","","","","",""
"FIREWALL ZERO HOUR","RM3","5","","","","","","","","","","","","","","","","5,000","","","","","","",""
"FISHING SIM WORLD","RM5","8","","","","","","","","","","","","","","","","2,000","","","","","","",""
"FISHING SIM WORLD BASS PRO SHOPS","RM10","15","","","","","","","","","","","","","","","","2,000","","","","","","",""
"FISHING SIM WORLD COLLECTOR'S","RM10","15","","","","","","","","","","","","","","","","2,000","","","","","","",""
"FIST OF THE NORTH STAR LOST PARADISE","RM10","15","","","","","","","","","","","","","","","","2,000","","","","","","",""
"FIVE NIGHTS AT FREDDY'S : CORE COLLECTION","RM30","40","","","","","","","","","","","","","","","","5,000","","","","","","",""
"FIVE NIGHTS AT FREDDY'S : HELP WANTED","RM15","20","","","","","","","","","","","","","","","","4,000","","","","","","",""
"FIVE NIGHTS AT FREDDY'S : SECURITY BREACH ","RM30","40","","","","","","","","","","","","","","","","2,000","","","","","","",""
"FLASHBACK","RM5","8","","","","","","","","","","","","","","","","2,000","","","","","","",""
"FLATOUT 4","RM5","8","","","","","","","","","","","","","","","","1,000","","","","","","",""
"FLIPPING DEATH ","RM10","15","","","","","","","","","","","","","","","","2,000","","","","","","",""
"FLOCKERS","RM5","8","","","","","","","","","","","","","","","","2,000","","","","","","",""
"FOBIA - ST.DIFNA HOTEL","RM10","15","","","","","","","","","","","","","","","","2,000","","","","","","",""
"FOR HONOR","RM5","8","","","","","","","","","","","","","","","","3,000","","","","","","",""
"FORAGER","RM5","8","","","","","","","","","","","","","","","","5,000","","","","","","",""
"FORECLOSED","RM5","8","","","","","","","","","","","","","","","","2,000","","","","","","",""
"FRIDAY THE 13TH","RM5","8","","","","","","","","","","","","","","","","500","","","","","","",""
"FROSTPUNK : CONSOLE EDITION ","RM10","15","","","","","","","","","","","","","","","","2,000","","","","","","",""
"FULL METAL PANIC! FIGHT! WHO DARES WINS","RM5","8","","","","","","","","","","","","","","","","2,000","","","","","","",""
"FUSHIGI NO GENSOKYO TOD RELOAD","RM10","15","","","","","","","","","","","","","","","","","","","","","","",""
"G.I.JOE OPERATION BLACKOUT","RM5","8","","","","","","","","","","","","","","","","2,000","","","","","","",""
"GAL GUN DOUBLE PEACE","RM10","15","","","","","","","","","","","","","","","","2,000","","","","","","",""
"GALAK-Z : THE VOID + SKULLS OF THE SHOGUN : BONE-A-FIDE EDITION","RM0","0","","","","","","","","","","","","","","","","2,000","","","","","","",""
"GAME OF THRONES A TELLTALE SERIES","RM15","20","","","","","","","","","","","","","","","","2,000","","","","","","",""
"GANG BEATS","RM10","15","","","","","","","","","","","","","","","","3,000","","","","","","",""
"GARFIELD KART : FURIOUS RACING","RM10","15","","","","","","","","","","","","","","","","3,000","","","","","","",""
"GARFIELD LASAGNA PARTY ","RM15","20","","","","","","","","","","","","","","","","","","","","","","",""
"GARVEST MOON : ONE WORLD","RM10","15","","","","","","","","","","","","","","","","1,000","","","","","","",""
"GAS GUZZLERS EXTREME","RM15","20","","","","","","","","","","","","","","","","2,000","","","","","","",""
"GENERATION ZERO","RM15","20","","","","","","","","","","","","","","","","2,000","","","","","","",""
"GENESIS ALPHA ONE","RM5","8","","","","","","","","","","","","","","","","3,000","","","","","","",""
"GHOST GIANT","RM10","15","","","","","","","","","","","","","","","","3,000","","","","","","",""
"GHOST OF TSHUSHIMA","RM20","30","","","","","","","","","","","","","","","","1,000","","","","","","",""
"GHOST OF TSHUSHIMA DIRECTOR'S CUT","RM40","55","","","","","","","","","","","","","","","","1,000","","","","","","",""
"GHOSTBUSTERS","RM5","8","","","","","","","","","","","","","","","","300","","","","","","",""
"GHOSTBUSTERS : THE VIDEO GAME REMASTERED","RM10","15","","","","","","","","","","","","","","","","500","","","","","","",""
"GI JOE BLACKOUT GOLD EDITION","RM0","0","","","","","","","","","","","","","","","","1,500","","","","","","",""
"GIGANTOSAURUS THE GAME","RM5","8","","","","","","","","","","","","","","","","8,000","","","","","","",""
"GINTAMA RUMBLE","RM15","20","","","","","","","","","","","","","","","","1,000","","","","","","",""
"GIRAFFE AND ANNIKA","RM10","15","","","","","","","","","","","","","","","","2,000","","","","","","",""
"GIRLS UND PANZER DREAM TANK MATCH","RM10","15","","","","","","","","","","","","","","","","2,000","","","","","","",""
"GOD EATER 2 RAGE BURST","RM5","8","","","","","","","","","","","","","","","","2,000","","","","","","",""
"GOD EATER 3","RM10","15","","","","","","","","","","","","","","","","2,000","","","","","","",""
"GOD EATER RESURRECTION","RM3","5","","","","","","","","","","","","","","","","2,000","","","","","","",""
"GOD OF WAR","RM20","30","","","","","","","","","","","","","","","","2,000","","","","","","",""
"GOD OF WAR / HORIZON ZERO DAWN COMPLETE ED (MEGAPACK)","RM10","15","","","","","","","","","","","","","","","","2,000","","","","","","",""
"GOD OF WAR 3 REMASTERED","RM15","20","","","","","","","","","","","","","","","","2,000","","","","","","",""
"GOD OF WAR RAGNAROK","RM60","80","","","","","","","","","","","","","","","","1,000","","","","","","",""
"GOD OF WAR/DETROIT BECOME HUMAN HITS BUNDLE/THE LAST OF US REMASTERED","RM15","20","","","","","","","","","","","","","","","","5,000","","","","","","",""
"GOD OF WAR/THE LAST OF US REMASTERED HITS BUNDLE","RM10","15","","","","","","","","","","","","","","","","5,000","","","","","","",""
"GOD WARS FUTURE PAST","RM3","5","","","","","","","","","","","","","","","","2,000","","","","","","",""
"GODZILLA","RM50","70","","","","","","","","","","","","","","","","2,000","","","","","","",""
"GOLEM","RM3","5","","","","","","","","","","","","","","","","3,000","","","","","","",""
"GOOSEBUMS DEAD OF NIGHT","RM5","8","","","","","","","","","","","","","","","","4,000","","","","","","",""
"GRAN TURISMO 7","RM30","40","","","","","","","","","","","","","","","","2,000","","","","","","",""
"GRAN TURISMO SPORT","RM5","8","","","","","","","","","","","","","","","","2,000","","","","","","",""
"GRANBLUE FANTASY RELINK","RM70","95","","","","","","","","","","","","","","","","","","","","","","",""
"GRANBLUE FANTASY VERSUS","RM10","15","","","","","","","","","","","","","","","","","","","","","","",""
"GRAND AGES MEDIEVAL","RM5","8","","","","","","","","","","","","","","","","2,000","","","","","","",""
"GRAND KINGDOM","RM5","8","","","","","","","","","","","","","","","","1,000","","","","","","",""
"GRAND THEFT AUTO : TRILOGY ","RM20","30","","","","","","","","","","","","","","","","500","","","","","","",""
"GRAND THEFT AUTO V : STANDARD EDITION","RM45","60","","","","","","","","","","","","","","","","300","","","","","","",""
"GRAND TURISMO SPORT /HORIZON ZERO DAWN COMPLETE ED (MEGA PACK )","RM30","40","","","","","","","","","","","","","","","","300","","","","","","",""
"GRAVEL","RM5","8","","","","","","","","","","","","","","","","2,000","","","","","","",""
"GRAVITY RUSH 2","RM15","20","","","","","","","","","","","","","","","","2,000","","","","","","",""
"GRAVITY RUSH REMASTERED","RM5","8","","","","","","","","","","","","","","","","3,000","","","","","","",""
"GREED FALL","RM5","8","","","","","","","","","","","","","","","","1,000","","","","","","",""
"GREED FALL GOLD","RM10","15","","","","","","","","","","","","","","","","500","","","","","","",""
"GRID 2019","RM10","15","","","","","","","","","","","","","","","","3,000","","","","","","",""
"GRID LEGENDS","RM10","15","","","","","","","","","","","","","","","","3,000","","","","","","",""
"GRIP : COMBAT RACING AIRBLADS VS ROLLERS ULTIMATE","RM5","8","","","","","","","","","","","","","","","","3,000","","","","","","",""
"GRIP COMBAT RACING","RM5","8","","","","","","","","","","","","","","","","3,000","","","","","","",""
"GUACAMELEE! ONE-TWO PUNCH COLLECTION","RM5","8","","","","","","","","","","","","","","","","1,000","","","","","","",""
"GUILTY GEAR STRIVE","RM30","40","","","","","","","","","","","","","","","","1,000","","","","","","",""
"GUILTY GEAR XRD REV 2","RM5","8","","","","","","","","","","","","","","","","3,000","","","","","","",""
"GUILTY GEAR XRD REVELATOR","RM10","15","","","","","","","","","","","","","","","","5,000","","","","","","",""
"GUILTY GEAR XRD SIGN","RM5","8","","","","","","","","","","","","","","","","3,000","","","","","","",""
"GUITAR HEROLIVE BUNDLE","RM3","5","","","","","","","","","","","","","","","","4,000","","","","","","",""
"GUNDAM BREAKER 3","RM10","15","","","","","","","","","","","","","","","","1,000","","","","","","",""
"GUNDAM BREAKER 3 BREAK EDITION","RM10","15","","","","","","","","","","","","","","","","500","","","","","","",""
"GUNDAM VERSUS","RM10","15","","","","","","","","","","","","","","","","2,000","","","","","","",""
"GUNGRAVE G.O.R.E","RM15","20","","","","","","","","","","","","","","","","","","","","","","",""
"GUNVOLT CHRONICLES: LUMINOUS AVENGER IX","RM25","35","","","","","","","","","","","","","","","","","","","","","","",""
"HADES","RM10","15","","","","","","","","","","","","","","","","2,000","","","","","","",""
"HARVEST MOON LIGHT OF HOPE","RM10","15","","","","","","","","","","","","","","","","1,000","","","","","","",""
"HARVEST MOON MAD DASH","RM5","8","","","","","","","","","","","","","","","","1,000","","","","","","",""
"HAS BEEN HEROES","RM5","8","","","","","","","","","","","","","","","","","","","","","","",""
"HASBRO FAMILY FUN PACK","RM5","8","","","","","","","","","","","","","","","","2,000","","","","","","",""
"HASBRO FAMILY FUN PACK CONQUEST EDITION ","RM10","15","","","","","","","","","","","","","","","","2,000","","","","","","",""
"HATSUNE MIKU PROJECT DIVA X","RM10","15","","","","","","","","","","","","","","","","1,000","","","","","","",""
"HATSUNE MIKU: PROJECT DIVA FUTURE TONE DX","RM15","20","","","","","","","","","","","","","","","","2,000","","","","","","",""
"HEAVY RAIN/BEYOND TWO SOULS COLLECTION","RM15","20","","","","","","","","","","","","","","","","2,000","","","","","","",""
"HELL WARDERS","RM5","8","","","","","","","","","","","","","","","","2,000","","","","","","",""
"HELLBLADE SENUA'S SACRIFICE","RM10","15","","","","","","","","","","","","","","","","2,000","","","","","","",""
"HELLDIVERS","RM5","8","","","","","","","","","","","","","","","","1,000","","","","","","",""
"HELLMUT : BADASS FROM HELL","RM5","8","","","","","","","","","","","","","","","","3,000","","","","","","",""
"HELLO NEIGHBOR     ","RM5","8","","","","","","","","","","","","","","","","3,000","","","","","","",""
"HELLO NEIGHBOR : HIDE AND SEEK ","RM5","8","","","","","","","","","","","","","","","","2,000","","","","","","",""
"HELLO NEIGHBOR 2","RM15","20","","","","","","","","","","","","","","","","","","","","","","",""
"HELLPOINT","RM10","15","","","","","","","","","","","","","","","","3,000","","","","","","",""
"HERO DEFENSE","RM10","15","","","","","","","","","","","","","","","","2,000","","","","","","",""
"HEROLAND: KNOWBLE EDITION","RM10","15","","","","","","","","","","","","","","","","","","","","","","",""
"HIDDEN AGENDA","RM5","8","","","","","","","","","","","","","","","","2,000","","","","","","",""
"HIDDEN DRAGON LEGEND","RM10","15","","","","","","","","","","","","","","","","300","","","","","","",""
"HITMAN 2","RM5","8","","","","","","","","","","","","","","","","3,000","","","","","","",""
"HITMAN 3","RM15","20","","","","","","","","","","","","","","","","2,000","","","","","","",""
"HITMAN: DEFINITIVE EDITION","RM10","15","","","","","","","","","","","","","","","","500","","","","","","",""
"HITMAN: THE COMPLETE FIRST SEASON","RM10","15","","","","","","","","","","","","","","","","3,000","","","","","","",""
"HITS GT SPORT & UNCHARTED 4 & KNACK II","RM15","20","","","","","","","","","","","","","","","","","","","","","","",""
"HITS HORIZON ZERO DAWN / DRIVECLUB (NO R&C)","RM10","15","","","","","","","","","","","","","","","","1,000","","","","","","",""
"HITS HORIZON ZERO DAWN / UNCHARTED 4","RM10","15","","","","","","","","","","","","","","","","3,000","","","","","","",""
"HOA","RM10","15","","","","","","","","","","","","","","","","4,000","","","","","","",""
"HOGWARTS LEGACY","RM65","90","","","","","","","","","","","","","","","","500","","","","","","",""
"HOKKO LIFE","RM15","20","","","","","","","","","","","","","","","","","","","","","","",""
"HOLLOW KNIGHT","RM20","30","","","","","","","","","","","","","","","","3,000","","","","","","",""
"HOME SWEET HOME ","RM15","20","","","","","","","","","","","","","","","","3,000","","","","","","",""
"HOMEFRONT THE REVOLUTION","RM3","5","","","","","","","","","","","","","","","","1,000","","","","","","",""
"HORIZON CHASE TURBO STEELCASE DELUXE EDITION","RM5","8","","","","","","","","","","","","","","","","1,000","","","","","","",""
"HORIZON FORBIDDEN WEST","RM30","40","","","","","","","","","","","","","","","","1,000","","","","","","",""
"HORIZON ZERO DAWN","RM5","8","","","","","","","","","","","","","","","","500","","","","","","",""
"HORIZON ZERO DAWN COMPLETE EDITION","RM15","20","","","","","","","","","","","","","","","","3,000","","","","","","",""
"HORSE CLUB ADVENTURES","RM10","15","","","","","","","","","","","","","","","","500","","","","","","",""
"HOT WHEELS UNLEASHED","RM20","30","","","","","","","","","","","","","","","","3,000","","","","","","",""
"HOT WHEELS UNLEASHED 2: TURBOCHARGED","RM40","55","","","","","","","","","","","","","","","","5,000","","","","","","",""
"HOTEL TRANSYLVANIA 3 MONSTERS OVERBOARD (R2)","RM5","8","","","","","","","","","","","","","","","","500","","","","","","",""
"HOTEL TRANSYLVANIA SCARY TALE ADVENTURE","RM10","15","","","","","","","","","","","","","","","","500","","","","","","",""
"HOTLINE MIAMI AND HOTLINE MIAMI 2 : WRONG NUMBER","RM10","15","","","","","","","","","","","","","","","","","","","","","","",""
"HOTSHOT RACING","RM5","8","","","","","","","","","","","","","","","","","","","","","","",""
"HOUSE FLIPPER","RM15","20","","","","","","","","","","","","","","","","500","","","","","","",""
"HUMAN : FALL FLAT ANNIVERSARY","RM5","8","","","","","","","","","","","","","","","","500","","","","","","",""
"HUMAN : FALL FLAT DREAM COLLECTION","RM25","35","","","","","","","","","","","","","","","","","","","","","","",""
"HUNT : SHOWDOWN ","RM10","15","","","","","","","","","","","","","","","","500","","","","","","",""
"HUNTDOWN","RM30","40","","","","","","","","","","","","","","","","","","","","","","",""
"HUNTER : CALL OF THE WILD ","RM15","20","","","","","","","","","","","","","","","","1,000","","","","","","",""
"HUNTING SIMULATOR   ","RM10","15","","","","","","","","","","","","","","","","2,000","","","","","","",""
"HUNTING SIMULATOR 2","RM15","20","","","","","","","","","","","","","","","","2,000","","","","","","",""
"HYPERDIMENSION NEPTUNIA RE;BIRTH 1","RM10","15","","","","","","","","","","","","","","","","500","","","","","","",""
"ICE AGE : SCRAT'S NUTTY ADVENTURE","RM5","8","","","","","","","","","","","","","","","","2,000","","","","","","",""
"IKAI ","RM10","15","","","","","","","","","","","","","","","","2,000","","","","","","",""
"IMMORTAL REALMS : VAMPIRE WARS","RM5","8","","","","","","","","","","","","","","","","5,000","","","","","","",""
"IMMORTAL UNCHAINED","RM10","15","","","","","","","","","","","","","","","","1,000","","","","","","",""
"IMMORTALS FENYS RISING","RM5","8","","","","","","","","","","","","","","","","3,000","","","","","","",""
"IN NIGHTMARE","RM10","15","","","","","","","","","","","","","","","","1,000","","","","","","",""
"INDIVISIBLE","RM5","8","","","","","","","","","","","","","","","","2,000","","","","","","",""
"INERTIAL DRIFT","RM10","15","","","","","","","","","","","","","","","","3,000","","","","","","",""
"INFAMOUS FIRST LIGHT","RM10","15","","","","","","","","","","","","","","","","4,000","","","","","","",""
"INFAMOUS SECOND SON","RM20","30","","","","","","","","","","","","","","","","3,000","","","","","","",""
"INJUSTICE 2","RM5","8","","","","","","","","","","","","","","","","2,000","","","","","","",""
"INJUSTICE 2 LEGENDARY EDITION","RM5","8","","","","","","","","","","","","","","","","300","","","","","","",""
"INJUSTICE GODS AMONG US","RM5","8","","","","","","","","","","","","","","","","300","","","","","","",""
"INSIDE AND LIMBO 2 PACK","RM10","15","","","","","","","","","","","","","","","","1,000","","","","","","",""
"INSURGENCY: SANDSTORM","RM10","15","","","","","","","","","","","","","","","","","","","","","","",""
"IRIS FALL","RM10","15","","","","","","","","","","","","","","","","500","","","","","","",""
"IS IT WRONG TO TRY TO PICK UP GIRLS IN A DUNGEON","RM10","15","","","","","","","","","","","","","","","","1,000","","","","","","",""
"IT TAKES TWO","RM50","70","","","","","","","","","","","","","","","","3,000","","","","","","",""
"ITADAKI STREET DRAGON QUEST & FINAL FANTASY 30TH ANNIVERSARY","RM10","15","","","","","","","","","","","","","","","","3,000","","","","","","",""
"J-STARS VICTORY VS+","RM10","15","","","","","","","","","","","","","","","","2,000","","","","","","",""
"JAGGED ALLIANCE : RAGE","RM5","8","","","","","","","","","","","","","","","","2,000","","","","","","",""
"JOB SIMULATOR","","","","","","","","","","","","","","","","","","2,000","","","","","","",""
"JOHN WICK HEX","RM10","15","","","","","","","","","","","","","","","","15,000","","","","","","",""
"JOJO'S BIZARRE ADVENTRUE EYES OF HEAVEN","RM5","8","","","","","","","","","","","","","","","","3,000","","","","","","",""
"JOJO'S BIZARRE ADVENTRUE: ALL STAR BATTLE","RM5","8","","","","","","","","","","","","","","","","","","","","","","",""
"JOURNEY COLLECTOR'S EDITION","RM3","5","","","","","","","","","","","","","","","","3,000","","","","","","",""
"JOURNEY TO THE SAVAGE PLANET","RM10","15","","","","","","","","","","","","","","","","1,000","","","","","","",""
"JUDGEMENT (JUDGE EYES)","RM10","15","","","","","","","","","","","","","","","","3,000","","","","","","",""
"JUJUTSU KAISEN: CURSED CLASH ","RM30","40","","","","","","","","","","","","","","","","","","","","","","",""
"JUMANJI THE VIDEO GAME","RM5","8","","","","","","","","","","","","","","","","5,000","","","","","","",""
"JUMP FORCE","RM10","15","","","","","","","","","","","","","","","","5,000","","","","","","",""
"JURASSIC WORLD EVOLUTION","RM15","20","","","","","","","","","","","","","","","","4,000","","","","","","",""
"JURASSIC WORLD EVOLUTION 2","RM30","40","","","","","","","","","","","","","","","","2,000","","","","","","",""
"JUST CAUSE 3","RM3","5","","","","","","","","","","","","","","","","2,000","","","","","","",""
"JUST CAUSE 4","RM10","15","","","","","","","","","","","","","","","","5,000","","","","","","",""
"JUST DANCE 2014","","","","","","","","","","","","","","","","","","2,000","","","","","","",""
"JUST DANCE 2016","","","","","","","","","","","","","","","","","","2,000","","","","","","",""
"JUST DANCE 2017","RM5","8","","","","","","","","","","","","","","","","2,000","","","","","","",""
"JUST DANCE 2018","RM5","8","","","","","","","","","","","","","","","","2,000","","","","","","",""
"JUST DANCE 2019","RM5","8","","","","","","","","","","","","","","","","500","","","","","","",""
"JUST DANCE 2020","RM5","8","","","","","","","","","","","","","","","","500","","","","","","",""
"JUST DANCE 2021","RM5","8","","","","","","","","","","","","","","","","500","","","","","","",""
"JUST DANCE 2022","RM5","8","","","","","","","","","","","","","","","","2,000","","","","","","",""
"KAMEN RIDER BATTRIDE WAR SOUSEI","RM15","20","","","","","","","","","","","","","","","","1,000","","","","","","",""
"KAMEN RIDER CLIMAX FIGHTER","RM10","15","","","","","","","","","","","","","","","","1,000","","","","","","",""
"KAMEN RIDER MEMORY OF HEROEZ","RM15","20","","","","","","","","","","","","","","","","3,000","","","","","","",""
"KANDAGAWA JET GIRLS : RACING HEARTS EDITION","RM15","20","","","","","","","","","","","","","","","","2,000","","","","","","",""
"KATAMARI DAMACY REROLL","RM10","15","","","","","","","","","","","","","","","","2,000","","","","","","",""
"KAZE AND THE WILD MASKS ","RM5","8","","","","","","","","","","","","","","","","4,000","","","","","","",""
"KENA","RM15","20","","","","","","","","","","","","","","","","300","","","","","","",""
"KEYWE","RM10","15","","","","","","","","","","","","","","","","2,000","","","","","","",""
"KILL LA KILL IF","RM15","20","","","","","","","","","","","","","","","","3,000","","","","","","",""
"KILLING FLOOR 2","RM5","8","","","","","","","","","","","","","","","","2,000","","","","","","",""
"KILLING FLOOR DOUBLE FEATURE","RM10","15","","","","","","","","","","","","","","","","2,000","","","","","","",""
"KILLZONE SHADOW FALL","RM3","5","","","","","","","","","","","","","","","","1,000","","","","","","",""
"KING OF FIGHTERS '98 ULTIMATE MATCH FINAL EDITION","RM20","30","","","","","","","","","","","","","","","","500","","","","","","",""
"KING'S BOUNTY 2","RM10","15","","","","","","","","","","","","","","","","3,000","","","","","","",""
"KINGDOM COME DELIVERANCE","RM5","8","","","","","","","","","","","","","","","","5,000","","","","","","",""
"KINGDOM COME DELIVERANCE ROYAL EDITION","RM15","20","","","","","","","","","","","","","","","","2,000","","","","","","",""
"KINGDOM HEART MELODY OF MEMORY","RM5","8","","","","","","","","","","","","","","","","2,000","","","","","","",""
"KINGDOM HEARTS 3","RM5","8","","","","","","","","","","","","","","","","2,000","","","","","","",""
"KINGDOM HEARTS HD 1.5 + 2.5","RM5","8","","","","","","","","","","","","","","","","500","","","","","","",""
"KINGDOM HEARTS HD 2.8 FINAL CHAPTER PROLOGUE","RM3","5","","","","","","","","","","","","","","","","3,000","","","","","","",""
"KINGDOM HEARTS THE STORY SO FAR","RM10","15","","","","","","","","","","","","","","","","2,000","","","","","","",""
"KINGDOM MAJESTIC","RM5","8","","","","","","","","","","","","","","","","3,000","","","","","","",""
"KINGDOM OF AMALUR : RE-RECKONING","RM5","8","","","","","","","","","","","","","","","","500","","","","","","",""
"KINGS QUEST THE COMPLETE COLLECTION","RM3","5","","","","","","","","","","","","","","","","3,000","","","","","","",""
"KITARIA FABLES","RM10","15","","","","","","","","","","","","","","","","","","","","","","",""
"KLONOA PHANTASY REVERIE SERIES ","RM10","15","","","","","","","","","","","","","","","","2,000","","","","","","",""
"KNACK","RM3","5","","","","","","","","","","","","","","","","2,000","","","","","","",""
"KNACK 2","RM5","8","","","","","","","","","","","","","","","","6,000","","","","","","",""
"KOF XIV","RM10","15","","","","","","","","","","","","","","","","","","","","","","",""
"KOTODAMA: THE 7 MUSTERIES OF FUJISAWA","RM5","8","","","","","","","","","","","","","","","","","","","","","","",""
"KUKOOS: LOST PETS","RM30","40","","","","","","","","","","","","","","","","3,000","","","","","","",""
"KUNG FU PANDA SHOWDOWN OF LEGENDARY LEGENDS","RM5","8","","","","","","","","","","","","","","","","13,000","","","","","","",""
"L. A. NOIRE","RM10","15","","","","","","","","","","","","","","","","","","","","","","",""
"LAKE","RM15","20","","","","","","","","","","","","","","","","2,000","","","","","","",""
"LANGRISSER 1 AND 2 ","RM20","30","","","","","","","","","","","","","","","","1,000","","","","","","",""
"LARA CROFT AND THE TEMPLE OF OSIRIS","RM0","0","","","","","","","","","","","","","","","","10,000","","","","","","",""
"LE DE TOUR FRANCE 2017","RM3","5","","","","","","","","","","","","","","","","1,000","","","","","","",""
"LEFT ALIVE","RM5","8","","","","","","","","","","","","","","","","3,000","","","","","","",""
"LEGEND OF KAY ANNIVERSARY","RM5","8","","","","","","","","","","","","","","","","","","","","","","",""
"LEGEND OF MANA","RM10","15","","","","","","","","","","","","","","","","2,000","","","","","","",""
"LEGENDARY FISHING","RM5","8","","","","","","","","","","","","","","","","","","","","","","",""
"LEGO 2K DRIVE","RM60","80","","","","","","","","","","","","","","","","1,000","","","","","","",""
"LEGO AVENGERS","RM10","15","","","","","","","","","","","","","","","","3,000","","","","","","",""
"LEGO BATMAN 3 BEYOND GOTHAM","RM10","15","","","","","","","","","","","","","","","","2,000","","","","","","",""
"LEGO BRAWLS","RM10","15","","","","","","","","","","","","","","","","2,000","","","","","","",""
"LEGO CITY UNDERCOVER","RM10","15","","","","","","","","","","","","","","","","2,000","","","","","","",""
"LEGO DC SUPER VILLAINS","RM10","15","","","","","","","","","","","","","","","","2,000","","","","","","",""
"LEGO DIMENSIONS ","RM5","8","","","","","","","","","","","","","","","","1,000","","","","","","",""
"LEGO HARRY POTTER COLLECTION","RM10","15","","","","","","","","","","","","","","","","3,000","","","","","","",""
"LEGO JURASSIC WORLD","RM10","15","","","","","","","","","","","","","","","","500","","","","","","",""
"LEGO MARVEL COLLECTION","RM10","15","","","","","","","","","","","","","","","","2,000","","","","","","",""
"LEGO MARVEL SUPER HEROES","RM5","8","","","","","","","","","","","","","","","","1,000","","","","","","",""
"LEGO MARVEL SUPER HEROES 2","RM10","15","","","","","","","","","","","","","","","","2,000","","","","","","",""
"LEGO MARVEL'S AVENGERS","RM10","15","","","","","","","","","","","","","","","","2,000","","","","","","",""
"LEGO MOVIE 2 VIDEOGAME","RM5","8","","","","","","","","","","","","","","","","500","","","","","","",""
"LEGO STAR WARS THE FORCE AWAKENS","RM5","8","","","","","","","","","","","","","","","","1,000","","","","","","",""
"LEGO STAR WARS THE SKYWALKER SAGA","RM20","30","","","","","","","","","","","","","","","","1,000","","","","","","",""
"LEGO THE HOBBIT","RM10","15","","","","","","","","","","","","","","","","2,000","","","","","","",""
"LEGO THE INCREDIBLES","RM5","8","","","","","","","","","","","","","","","","2,000","","","","","","",""
"LEGO THE LEGO MOVIE VIDEOGAME","RM5","8","","","","","","","","","","","","","","","","4,000","","","","","","",""
"LEGO THE NINJAGO MOVIE VIDEOGAME","RM10","15","","","","","","","","","","","","","","","","500","","","","","","",""
"LEGO WORLDS","RM5","8","","","","","","","","","","","","","","","","8,000","","","","","","",""
"LETTER","RM10","15","","","","","","","","","","","","","","","","3,000","","","","","","",""
"LICHDOMBATTLEMAGE","RM5","8","","","","","","","","","","","","","","","","","","","","","","",""
"LIES OF P","RM50","70","","","","","","","","","","","","","","","","3,000","","","","","","",""
"LIFE IN WILLOWDALE: FARM ADVENTURES","RM10","15","","","","","","","","","","","","","","","","","","","","","","",""
"LIFE IS STRANGE","RM10","15","","","","","","","","","","","","","","","","3,000","","","","","","",""
"LIFE IS STRANGE : TRUE COLORS","RM5","8","","","","","","","","","","","","","","","","3,000","","","","","","",""
"LIFE IS STRANGE 2","RM10","15","","","","","","","","","","","","","","","","2,000","","","","","","",""
"LIFE IS STRANGE BEFORE THE STORM","RM5","8","","","","","","","","","","","","","","","","2,000","","","","","","",""
"LIKE A DRAGON : ISHIN!","RM30","40","","","","","","","","","","","","","","","","","","","","","","",""
"LIKE A DRAGON GAIDEN : THE MAN WHO ERASED HIS NAME","RM45","60","","","","","","","","","","","","","","","","","","","","","","",""
"LIKE A DRAGON: INFINITE WEALTH","RM50","70","","","","","","","","","","","","","","","","3,000","","","","","","",""
"LITTLE BIG PLANET 3","RM10","15","","","","","","","","","","","","","","","","3,000","","","","","","",""
"LITTLE DRAGONS CAFE","RM10","15","","","","","","","","","","","","","","","","3,000","","","","","","",""
"LITTLE LEAGUE WORLD SERIES BASEBALL","RM10","15","","","","","","","","","","","","","","","","3,000","","","","","","",""
"LITTLE NIGHTMARES","RM10","15","","","","","","","","","","","","","","","","","","","","","","",""
"LITTLE NIGHTMARES 1 + 2","RM30","40","","","","","","","","","","","","","","","","3,000","","","","","","",""
"LITTLE NIGHTMARES 2","RM10","15","","","","","","","","","","","","","","","","13,000","","","","","","",""
"LOADING HUMAN CHAPTER 1","RM3","5","","","","","","","","","","","","","","","","5,000","","","","","","",""
"LOCK'S QUEST","RM5","8","","","","","","","","","","","","","","","","3,000","","","","","","",""
"LOCOROCO","RM5","8","","","","","","","","","","","","","","","","4,000","","","","","","",""
"LOCOROCO 2 REMASTERED","RM5","8","","","","","","","","","","","","","","","","3,000","","","","","","",""
"LORDS OF THE FALLEN","RM10","15","","","","","","","","","","","","","","","","3,000","","","","","","",""
"LOST JUDGMENT","RM10","15","","","","","","","","","","","","","","","","3,000","","","","","","",""
"LOST SPHEAR","RM20","30","","","","","","","","","","","","","","","","2,000","","","","","","",""
"LUMO","RM5","8","","","","","","","","","","","","","","","","5,000","","","","","","",""
"MAD MAX","RM5","8","","","","","","","","","","","","","","","","2,000","","","","","","",""
"MAD RAT DEAD","RM15","20","","","","","","","","","","","","","","","","2,000","","","","","","",""
"MADDEN 18","RM3","5","","","","","","","","","","","","","","","","2,000","","","","","","",""
"MADDEN NFL 20   ","RM3","5","","","","","","","","","","","","","","","","2,000","","","","","","",""
"MADDEN NFL 20 AND FIFA 20 BUNDLE","RM10","15","","","","","","","","","","","","","","","","300","","","","","","",""
"MADDEN NFL 21","RM0","0","","","","","","","","","","","","","","","","2,000","","","","","","",""
"MADDEN NFL 22","RM10","15","","","","","","","","","","","","","","","","2,000","","","","","","",""
"MADDEN NFL 23","RM30","40","","","","","","","","","","","","","","","","2,000","","","","","","",""
"MADE IN ABYSS : BINARY STAR FALLING INTO DARKNESS","RM15","20","","","","","","","","","","","","","","","","2,000","","","","","","",""
"MAFIA DEFINITIVE EDITION","RM15","20","","","","","","","","","","","","","","","","2,000","","","","","","",""
"MAFIA III","RM5","8","","","","","","","","","","","","","","","","13,000","","","","","","",""
"MAFIA TRILOGY","RM10","15","","","","","","","","","","","","","","","","2,000","","","","","","",""
"MAGLAM LORD","RM15","20","","","","","","","","","","","","","","","","3,000","","","","","","",""
"MAID OF SKER","RM40","55","","","","","","","","","","","","","","","","1,000","","","","","","",""
"MAJO TO HAKKIHEI 2","RM5","8","","","","","","","","","","","","","","","","1,000","","","","","","",""
"MANEATER","RM10","15","","","","","","","","","","","","","","","","3,000","","","","","","",""
"MARK MCMORRIS INFINITE AIR","RM3","5","","","","","","","","","","","","","","","","8,000","","","","","","",""
"MARS ODYSSEY","RM3","5","","","","","","","","","","","","","","","","300","","","","","","",""
"MARSUPILAMI : HOOBADVENTURE","RM5","8","","","","","","","","","","","","","","","","4,000","","","","","","",""
"MARVEL AVENGERS","RM5","8","","","","","","","","","","","","","","","","2,000","","","","","","",""
"MARVEL PINBALL EPIC COLLECTION VOL.1","RM5","8","","","","","","","","","","","","","","","","3,000","","","","","","",""
"MARVEL SPIDER-MAN","RM45","60","","","","","","","","","","","","","","","","2,000","","","","","","",""
"MARVEL VS CAPCOM INFINITE","RM15","20","","","","","","","","","","","","","","","","8,000","","","","","","",""
"MARVEL'S GUARDIANS OF THE GALAXY","RM10","15","","","","","","","","","","","","","","","","2,000","","","","","","",""
"MARVEL'S GUARDIANS OF THE GALAXY : THE TELLTALE SERIES ","RM10","15","","","","","","","","","","","","","","","","500","","","","","","",""
"MARVEL'S SPIDER-MAN: MILES MORALES ","RM45","60","","","","","","","","","","","","","","","","500","","","","","","",""
"MARY SKELTER FINALE","RM15","20","","","","","","","","","","","","","","","","500","","","","","","",""
"MASS EFFECT ANDROMEDA","RM5","8","","","","","","","","","","","","","","","","3,000","","","","","","",""
"MASS EFFECT LEGENDARY","RM10","15","","","","","","","","","","","","","","","","2,000","","","","","","",""
"MATTERFALL","RM3","5","","","","","","","","","","","","","","","","2,000","","","","","","",""
"MAX THE CURSE OF BROTHERHOOD","RM3","5","","","","","","","","","","","","","","","","","","","","","","",""
"MECH WARRIOR 5 MERCENARIES","RM10","15","","","","","","","","","","","","","","","","2,000","","","","","","",""
"MEDIEVIL","RM10","15","","","","","","","","","","","","","","","","13,000","","","","","","",""
"MEGADIMENSION NEPTUNIA VII","RM10","15","","","","","","","","","","","","","","","","2,000","","","","","","",""
"MEGADIMENSION NEPTUNIA VIIR","RM10","15","","","","","","","","","","","","","","","","3,000","","","","","","",""
"MEGAMAN 11","RM5","8","","","","","","","","","","","","","","","","2,000","","","","","","",""
"MEGAMAN LEGACY COLLECTION","RM5","8","","","","","","","","","","","","","","","","4,000","","","","","","",""
"MEGAMAN LEGACY COLLECTION 2","RM5","8","","","","","","","","","","","","","","","","2,000","","","","","","",""
"MEGAMAN X LEGACY COLLECTION 1","RM15","20","","","","","","","","","","","","","","","","2,000","","","","","","",""
"MEGAMAN X LEGACY COLLECTION 1+2","RM20","30","","","","","","","","","","","","","","","","","","","","","","",""
"MEGAMAN X LEGACY COLLECTION 2","RM15","20","","","","","","","","","","","","","","","","3,000","","","","","","",""
"MEGAMAN ZX LEGACY","RM10","15","","","","","","","","","","","","","","","","8,000","","","","","","",""
"METAL GEAR SOLID V : GROUND ZEROES","RM5","8","","","","","","","","","","","","","","","","2,000","","","","","","",""
"METAL GEAR SOLID V THE PHANTOM PAIN","RM5","8","","","","","","","","","","","","","","","","1,000","","","","","","",""
"METAL GEAR SOLID V: THE DEFINITIVE EXPERIENCE (R2)","RM10","15","","","","","","","","","","","","","","","","3,000","","","","","","",""
"METAL GEAR SURVIVE","RM5","8","","","","","","","","","","","","","","","","2,000","","","","","","",""
"METAL MAX XENO","RM10","15","","","","","","","","","","","","","","","","2,000","","","","","","",""
"METAL MAX XENO REBORN","RM15","20","","","","","","","","","","","","","","","","2,000","","","","","","",""
"METAL WOLF CHAOS XD","RM5","8","","","","","","","","","","","","","","","","","","","","","","",""
"METAPHOR : REFANTAZIO","RM20","30","","","","","","","","","","","","","","","","2,000","","","","","","",""
"METRO EXODUS","RM5","8","","","","","","","","","","","","","","","","3,000","","","","","","",""
"METRO REDUX","RM5","8","","","","","","","","","","","","","","","","5,000","","","","","","",""
"MICKEY STORM AND THE CURSED MASK","RM3","5","","","","","","","","","","","","","","","","2,000","","","","","","",""
"MICROMACHINES WORLD SERIES","RM5","8","","","","","","","","","","","","","","","","2,000","","","","","","",""
"MIDDLE EARTH : SHADOW OF MORDOR     ","RM3","5","","","","","","","","","","","","","","","","4,000","","","","","","",""
"MIDDLE EARTH : SHADOW OF MORDOR GAME OF THE YEAR","RM5","8","","","","","","","","","","","","","","","","2,000","","","","","","",""
"MIGHTY NO. 9","RM3","5","","","","","","","","","","","","","","","","1,000","","","","","","",""
"MINECRAFT","RM15","20","","","","","","","","","","","","","","","","1,000","","","","","","",""
"MINECRAFT DUNGEONS HERO EDITION","RM10","15","","","","","","","","","","","","","","","","2,000","","","","","","",""
"MINECRAFT DUNGEONS ULTIMATE","RM20","30","","","","","","","","","","","","","","","","1,000","","","","","","",""
"MINECRAFT FAVOURITES PACK","RM20","30","","","","","","","","","","","","","","","","500","","","","","","",""
"MINECRAFT STARTER COLLECTION","RM20","30","","","","","","","","","","","","","","","","1,000","","","","","","",""
"MINECRAFT STORY MODE","RM15","20","","","","","","","","","","","","","","","","1,000","","","","","","",""
"MINECRAFT STORY MODE SEASON 2","RM15","20","","","","","","","","","","","","","","","","2,000","","","","","","",""
"MIRROR'S EDGE CATALYST","RM5","8","","","","","","","","","","","","","","","","1,000","","","","","","",""
"MLB THE SHOW 19","","","","","","","","","","","","","","","","","","300","","","","","","",""
"MLB THE SHOW 20","RM3","5","","","","","","","","","","","","","","","","300","","","","","","",""
"MLB THE SHOW 21","RM5","8","","","","","","","","","","","","","","","","2,000","","","","","","",""
"MLB THE SHOW 22","RM10","15","","","","","","","","","","","","","","","","","","","","","","",""
"MLB THE SHOW 23","RM20","30","","","","","","","","","","","","","","","","2,000","","","","","","",""
"MOBILE SUIT GUNDAM EXTREME VS. MAXIBOOST ON","RM10","15","","","","","","","","","","","","","","","","2,000","","","","","","",""
"MONARK","RM15","20","","","","","","","","","","","","","","","","2,000","","","","","","",""
"MONKEY KING HERO IS BACK","RM5","8","","","","","","","","","","","","","","","","3,000","","","","","","",""
"MONOPOLY FAMILY FUN PACK","RM10","15","","","","","","","","","","","","","","","","","","","","","","",""
"MONOPOLY MADNESS","RM10","15","","","","","","","","","","","","","","","","500","","","","","","",""
"MONOPOLY PLUS AND MONOPOLY MADNESS","RM10","15","","","","","","","","","","","","","","","","2,000","","","","","","",""
"MONSTER BOY AND THE CURSED KINGDOM","RM20","30","","","","","","","","","","","","","","","","2,000","","","","","","",""
"MONSTER CROWN","RM10","15","","","","","","","","","","","","","","","","2,000","","","","","","",""
"MONSTER ENERGY SUPERCROSS - THE OFFICIAL VIDEOGAME","RM5","8","","","","","","","","","","","","","","","","2,000","","","","","","",""
"MONSTER ENERGY SUPERCROSS - THE OFFICIAL VIDEOGAME 2","RM5","8","","","","","","","","","","","","","","","","2,000","","","","","","",""
"MONSTER ENERGY SUPERCROSS - THE OFFICIAL VIDEOGAME 3","RM5","8","","","","","","","","","","","","","","","","","","","","","","",""
"MONSTER ENERGY SUPERCROSS - THE OFFICIAL VIDEOGAME 6","RM30","40","","","","","","","","","","","","","","","","2,000","","","","","","",""
"MONSTER ENERGY SUPERCROSS 4","RM5","8","","","","","","","","","","","","","","","","2,000","","","","","","",""
"MONSTER ENERGY SUPERECROSS 5","RM15","20","","","","","","","","","","","","","","","","1,000","","","","","","",""
"MONSTER HARVEST ","RM10","15","","","","","","","","","","","","","","","","","","","","","","",""
"MONSTER HUNTER FRONTIER Z ","RM5","8","","","","","","","","","","","","","","","","300","","","","","","",""
"MONSTER HUNTER WORLD","RM3","5","","","","","","","","","","","","","","","","1,000","","","","","","",""
"MONSTER HUNTER WORLD ICEBORNE","RM10","15","","","","","","","","","","","","","","","","3,000","","","","","","",""
"MONSTER JAM : CRUSH IT ","RM10","15","","","","","","","","","","","","","","","","1,000","","","","","","",""
"MONSTER JAM STEEL TITANS    ","RM5","8","","","","","","","","","","","","","","","","1,000","","","","","","",""
"MONSTER JAM STEEL TITANS 2","RM10","15","","","","","","","","","","","","","","","","2,000","","","","","","",""
"MONSTER TRUCK CHAMPIONSHIP","RM15","20","","","","","","","","","","","","","","","","2,000","","","","","","",""
"MONSTRUM","RM5","8","","","","","","","","","","","","","","","","2,000","","","","","","",""
"MOONLIGHTER","RM5","8","","","","","","","","","","","","","","","","1,000","","","","","","",""
"MORTAL KOMBAT 11","RM10","15","","","","","","","","","","","","","","","","1,000","","","","","","",""
"MORTAL KOMBAT 11 : AFTERMATH KOLLECTION","RM15","20","","","","","","","","","","","","","","","","1,000","","","","","","",""
"MORTAL KOMBAT 11 ULTIMATE","RM20","30","","","","","","","","","","","","","","","","1,000","","","","","","",""
"MORTAL KOMBAT X","RM3","5","","","","","","","","","","","","","","","","2,000","","","","","","",""
"MORTAL KOMBAT XL","RM10","15","","","","","","","","","","","","","","","","3,000","","","","","","",""
"MORTAL SHELL","RM10","15","","","","","","","","","","","","","","","","500","","","","","","",""
"MOSS","RM5","8","","","","","","","","","","","","","","","","500","","","","","","",""
"MOTHERGUNSHIP","RM5","8","","","","","","","","","","","","","","","","500","","","","","","",""
"MOTOGP 14","","","","","","","","","","","","","","","","","","13,000","","","","","","",""
"MOTOGP 17","","","","","","","","","","","","","","","","","","500","","","","","","",""
"MOTOGP 19","","","","","","","","","","","","","","","","","","1,000","","","","","","",""
"MOTOGP 20","RM3","5","","","","","","","","","","","","","","","","","","","","","","",""
"MOTOGP 21","RM3","5","","","","","","","","","","","","","","","","","","","","","","",""
"MOTOGP 22","RM10","15","","","","","","","","","","","","","","","","","","","","","","",""
"MOTOGP 23","RM10","15","","","","","","","","","","","","","","","","500","","","","","","",""
"MOTORACER 4","RM5","8","","","","","","","","","","","","","","","","1,000","","","","","","",""
"MOTORCYCLE CLUB","RM3","5","","","","","","","","","","","","","","","","1,000","","","","","","",""
"MOUNT AND BLADE 2 : BANNERLORD","RM25","35","","","","","","","","","","","","","","","","1,000","","","","","","",""
"MOVING OUT (R2)","RM15","20","","","","","","","","","","","","","","","","","","","","","","",""
"MOVING OUT 2","RM20","30","","","","","","","","","","","","","","","","500","","","","","","",""
"MOZART REQUIEM","RM10","15","","","","","","","","","","","","","","","","300","","","","","","",""
"MUDRUNNER    ","RM10","15","","","","","","","","","","","","","","","","1,000","","","","","","",""
"MUDRUNNER - AMERICAN WILDS","RM10","15","","","","","","","","","","","","","","","","3,000","","","","","","",""
"MURDERED SOUL SUSPECT","RM5","8","","","","","","","","","","","","","","","","3,000","","","","","","",""
"MUSOU STARS","RM3","5","","","","","","","","","","","","","","","","","","","","","","",""
"MUSYNX","RM10","15","","","","","","","","","","","","","","","","1,000","","","","","","",""
"MUTANT FOOTBALL LEAGUE DYNASTY EDITION","RM10","15","","","","","","","","","","","","","","","","500","","","","","","",""
"MUTANT YEAR ZERO : ROAD TO EDEN","RM5","8","","","","","","","","","","","","","","","","1,000","","","","","","",""
"MX VS ATV ALL OUT   ","RM15","20","","","","","","","","","","","","","","","","500","","","","","","",""
"MX VS ATV ALL OUT ANNIVERSARY","RM10","15","","","","","","","","","","","","","","","","1,000","","","","","","",""
"MX VS ATV LEGENDS","RM20","30","","","","","","","","","","","","","","","","2,000","","","","","","",""
"MX VS ATV SUPERCROSS ENCORE","RM10","15","","","","","","","","","","","","","","","","1,000","","","","","","",""
"MXGP 2019","RM10","15","","","","","","","","","","","","","","","","1,000","","","","","","",""
"MXGP 3 OFFICIAL MOTOCROSS VIDEOGAME","RM5","8","","","","","","","","","","","","","","","","3,000","","","","","","",""
"MXGP PRO","RM5","8","","","","","","","","","","","","","","","","3,000","","","","","","",""
"MXGP THE OFFICIAL MOTOCROSS VIDEOGAME","RM5","8","","","","","","","","","","","","","","","","1,000","","","","","","",""
"MY FRIEND PEPPA PIG","RM3","5","","","","","","","","","","","","","","","","3,000","","","","","","",""
"MY HERO ONE JUSTICE 2","RM5","8","","","","","","","","","","","","","","","","2,000","","","","","","",""
"MY HERO ONE'S JUSTICE","RM5","8","","","","","","","","","","","","","","","","1,000","","","","","","",""
"MY LITTLE PONY : A MARETIME BAY ADVENTURE","RM5","8","","","","","","","","","","","","","","","","500","","","","","","",""
"MY RIDDING STABLES : LIFE WITH HORSES","RM5","8","","","","","","","","","","","","","","","","2,000","","","","","","",""
"MY TIME AT PORTIA","RM3","5","","","","","","","","","","","","","","","","3,000","","","","","","",""
"MY UNIVERSE : COOKING STAR RESTAURANT","RM10","15","","","","","","","","","","","","","","","","2,000","","","","","","",""
"MY UNIVERSE : FASHION BOUTIQUE ","RM5","8","","","","","","","","","","","","","","","","4,000","","","","","","",""
"MY UNIVERSE : MY BABY","RM5","8","","","","","","","","","","","","","","","","3,000","","","","","","",""
"MY UNIVERSE : PET CLINIC CATS AND DOGS","RM10","15","","","","","","","","","","","","","","","","4,000","","","","","","",""
"MY UNIVERSE : PUPPIES AND KITTENS","RM10","15","","","","","","","","","","","","","","","","3,000","","","","","","",""
"MY UNIVERSE : SCHOOL TEACHER","RM5","8","","","","","","","","","","","","","","","","4,000","","","","","","",""
"NARCOS : RISE OF THE CARTELS ","RM5","8","","","","","","","","","","","","","","","","1,000","","","","","","",""
"NARUTO SHIPPUDEN ULTIMATE NINJA STORM 4","RM10","15","","","","","","","","","","","","","","","","1,000","","","","","","",""
"NARUTO SHIPPUDEN ULTIMATE NINJA STORM 4 ROAD TO BORUTO","RM10","15","","","","","","","","","","","","","","","","500","","","","","","",""
"NARUTO SHIPPUDEN ULTIMATE NINJA STORM LEGACY","RM25","35","","","","","","","","","","","","","","","","500","","","","","","",""
"NARUTO SHIPPUDEN ULTIMATE NINJA STORM TRILOGY","RM10","15","","","","","","","","","","","","","","","","500","","","","","","",""
"NARUTO TO BORUTO SHINOBI STRIKERS","RM5","8","","","","","","","","","","","","","","","","","","","","","","",""
"NARUTO X BORUTO ULTIMATE NINJA STORM CONNECTIONS","RM50","70","","","","","","","","","","","","","","","","500","","","","","","",""
"NASCAR 21 : IGNITION","RM5","8","","","","","","","","","","","","","","","","500","","","","","","",""
"NASCAR HEAT 2","RM5","8","","","","","","","","","","","","","","","","2,000","","","","","","",""
"NASCAR HEAT 3","RM10","15","","","","","","","","","","","","","","","","500","","","","","","",""
"NASCAR HEAT 4","RM5","8","","","","","","","","","","","","","","","","4,000","","","","","","",""
"NASCAR HEAT 5","RM10","15","","","","","","","","","","","","","","","","3,000","","","","","","",""
"NASCAR HEAT EVOLUTION","RM5","8","","","","","","","","","","","","","","","","1,000","","","","","","",""
"NATURAL DOCTRINE","RM3","5","","","","","","","","","","","","","","","","1,000","","","","","","",""
"NBA 2K PLAYGROUNDS 2","RM5","8","","","","","","","","","","","","","","","","1,000","","","","","","",""
"NBA 2K20","RM0","0","","","","","","","","","","","","","","","","2,000","","","","","","",""
"NBA 2K21 STANDARD EDITION ","RM3","5","","","","","","","","","","","","","","","","1,000","","","","","","",""
"NBA 2K22","RM5","8","","","","","","","","","","","","","","","","","","","","","","",""
"NBA 2K23","RM5","8","","","","","","","","","","","","","","","","","","","","","","",""
"NBA 2K24","RM10","15","","","","","","","","","","","","","","","","500","","","","","","",""
"NBA 2K25","RM20","30","","","","","","","","","","","","","","","","10,000","","","","","","",""
"NBA 2K26","RM50","70","","","","","","","","","","","","","","","","","","","","","","",""
"NBA LIVE 19","RM0","0","","","","","","","","","","","","","","","","300","","","","","","",""
"NECROMUDA : HIRED GUN","RM5","8","","","","","","","","","","","","","","","","1,000","","","","","","",""
"NEED FOR SPEED","RM10","15","","","","","","","","","","","","","","","","3,000","","","","","","",""
"NEED FOR SPEED : HOT PURSUIT REMASTERED","RM10","15","","","","","","","","","","","","","","","","5,000","","","","","","",""
"NEED FOR SPEED HEAT","RM15","20","","","","","","","","","","","","","","","","1,000","","","","","","",""
"NEED FOR SPEED PAYBACK","RM5","8","","","","","","","","","","","","","","","","5,000","","","","","","",""
"NEED FOR SPEED RIVALS","RM5","8","","","","","","","","","","","","","","","","2,000","","","","","","",""
"NELKE AND THE LEGENDARY ALCHEMISTS: ATELIERS OF THE NEW WORLD","RM25","35","","","","","","","","","","","","","","","","1,000","","","","","","",""
"NEO : THE WORLD ENDS WITH YOU","RM10","15","","","","","","","","","","","","","","","","2,000","","","","","","",""
"NEPTUNIA VIRTUAL STARS","RM15","20","","","","","","","","","","","","","","","","4,000","","","","","","",""
"NEPTUNIA X SENRAN KAGURA : NINJA WARS","RM15","20","","","","","","","","","","","","","","","","2,000","","","","","","",""
"NERF LEGENDS","RM5","8","","","","","","","","","","","","","","","","2,000","","","","","","",""
"NEVERWINTER NIGHTS ENHANCED EDITION","RM10","15","","","","","","","","","","","","","","","","2,000","","","","","","",""
"NEW DANGAN RONPA V3","RM5","8","","","","","","","","","","","","","","","","2,000","","","","","","",""
"NEW GUNDAM BREAKER","RM5","8","","","","","","","","","","","","","","","","2,000","","","","","","",""
"NEW SUPER LUCKY'S TALE","RM10","15","","","","","","","","","","","","","","","","2,000","","","","","","",""
"NEXOMON : EXTINCTION","RM10","15","","","","","","","","","","","","","","","","5,000","","","","","","",""
"NHL 19","RM0","0","","","","","","","","","","","","","","","","4,000","","","","","","",""
"NHL 20","RM5","8","","","","","","","","","","","","","","","","4,000","","","","","","",""
"NHL 21","RM5","8","","","","","","","","","","","","","","","","300","","","","","","",""
"NHL 22","RM10","15","","","","","","","","","","","","","","","","2,000","","","","","","",""
"NHL 23","RM30","40","","","","","","","","","","","","","","","","2,000","","","","","","",""
"NHRA CHAMPIONSHIP DRAG RACING : SPEED FOR ALL","RM20","30","","","","","","","","","","","","","","","","2,000","","","","","","",""
"NI NO KUNI 2 REVENANT KINGDOM","RM10","15","","","","","","","","","","","","","","","","2,000","","","","","","",""
"NI NO KUNI WRATH OF THE WHITE WITCH REMASTERED","RM3","5","","","","","","","","","","","","","","","","2,000","","","","","","",""
"NICELODEON KART RACERS","RM10","15","","","","","","","","","","","","","","","","1,000","","","","","","",""
"NICKELODEON ALL STAR BRAWL","RM10","15","","","","","","","","","","","","","","","","2,000","","","","","","",""
"NICKELODEON KART RACERS 2 : GRAND PRIX","RM10","15","","","","","","","","","","","","","","","","4,000","","","","","","",""
"NICKELODEON KART RACERS 3 : SLIME SPEEDWAY","RM20","30","","","","","","","","","","","","","","","","2,000","","","","","","",""
"NIER AUTOMATA","RM10","15","","","","","","","","","","","","","","","","2,000","","","","","","",""
"NIER REPLICANT","RM10","15","","","","","","","","","","","","","","","","","","","","","","",""
"NIGHT OF AZURE 2","RM15","23","","","","","","","","","","","","","","","","","","","","","","",""
"NIGHTS OF AZURE","RM20","30","","","","","","","","","","","","","","","","","","","","","","",""
"NIOH","RM3","5","","","","","","","","","","","","","","","","","","","","","","",""
"NIOH 2","RM5","8","","","","","","","","","","","","","","","","","","","","","","",""
"NITRO+ BLASTERZ HEROINES INFINITE DUEL","RM10","15","","","","","","","","","","","","","","","","","","","","","","",""
"NO HEROES ALLOWED","RM5","8","","","","","","","","","","","","","","","","","","","","","","",""
"NO MAN'S SKY : BEYOND","RM20","30","","","","","","","","","","","","","","","","","","","","","","",""
"NO MANS SKY","RM15","20","","","","","","","","","","","","","","","","","","","","","","",""
"NO STRAIGHT ROADS STANDARD EDITION (R2)","RM10","15","","","","","","","","","","","","","","","","","","","","","","",""
"NOBUNAGA ON YABOU TAISHI (CHN)","RM5","8","","","","","","","","","","","","","","","","","","","","","","",""
"NOBUNAGA'S AMBITION: AWAKENING","RM15","20","","","","","","","","","","","","","","","","","","","","","","",""
"NOBUNAGA'S AMBITION : SPHERE OF INFLUENCE ASCENSION","RM5","8","","","","","","","","","","","","","","","","","","","","","","",""
"NOBUNAGA'S AMBITION : TAISHI","RM5","8","","","","","","","","","","","","","","","","","","","","","","",""
"NOBUNAGA'S AMBITION CREATION SENGOKU RISSHIDEN CHINESE","RM3","5","","","","","","","","","","","","","","","","","","","","","","",""
"NOBUNAGA'S AMBITION SPHERE OF INFLUENCE","RM3","5","","","","","","","","","","","","","","","","","","","","","","",""
"NORTHGARD","RM10","15","","","","","","","","","","","","","","","","","","","","","","",""
"NUMANTIA","RM3","5","","","","","","","","","","","","","","","","","","","","","","",""
"OASIS GAMES VR FUN PACK","","","","","","","","","","","","","","","","","","","","","","","","",""
"OBSERVER : SYSTEM REDUX","RM5","8","","","","","","","","","","","","","","","","","","","","","","",""
"OCTOPATH TRAVELER 2","RM15","20","","","","","","","","","","","","","","","","","","","","","","",""
"ODDWORLD : SOULSTORM DAY ONE ","RM15","20","","","","","","","","","","","","","","","","","","","","","","",""
"ODIN SPHERE LEIFTHRASIR","RM15","20","","","","","","","","","","","","","","","","","","","","","","",""
"OFFROAD RACING","RM5","8","","","","","","","","","","","","","","","","","","","","","","",""
"OKAMI HD","RM10","15","","","","","","","","","","","","","","","","","","","","","","",""
"OMEGA QUINTET","RM5","8","","","","","","","","","","","","","","","","","","","","","","",""
"OMEN OF SORROW","RM5","8","","","","","","","","","","","","","","","","","","","","","","",""
"OMORI","RM10","15","","","","","","","","","","","","","","","","","","","","","","",""
"ONE PIECE BURNING BLOOD","RM5","8","","","","","","","","","","","","","","","","","","","","","","",""
"ONE PIECE ODYSSEY","RM20","30","","","","","","","","","","","","","","","","","","","","","","",""
"ONE PIECE PIRATE WARRIORS 3","RM10","15","","","","","","","","","","","","","","","","","","","","","","",""
"ONE PIECE PIRATE WARRIORS 4","RM10","15","","","","","","","","","","","","","","","","","","","","","","",""
"ONE PIECE UNLIMITED WORLD RED DELUXE EDITION","RM40","55","","","","","","","","","","","","","","","","","","","","","","",""
"ONE PIECE WORLD SEEKER","RM5","8","","","","","","","","","","","","","","","","","","","","","","",""
"ONE PUNCH MAN A HERO NOBODY KNOWS (PS4/R3/ENG)","RM10","15","","","","","","","","","","","","","","","","","","","","","","",""
"ONECHANBARA ZII CHAOS","RM5","8","","","","","","","","","","","","","","","","","","","","","","",""
"ONIMUSHA WARLORD","RM5","8","","","","","","","","","","","","","","","","","","","","","","",""
"ONRUSH ","RM5","8","","","","","","","","","","","","","","","","","","","","","","",""
"OPEN COUNTRY","RM10","15","","","","","","","","","","","","","","","","","","","","","","",""
"OUR WORLD IS ENDED","RM5","8","","","","","","","","","","","","","","","","","","","","","","",""
"OUTCAST SECOND CONTACT","RM10","15","","","","","","","","","","","","","","","","","","","","","","",""
"OUTLAST TRINITY","RM20","30","","","","","","","","","","","","","","","","","","","","","","",""
"OUTRIDERS","RM10","15","","","","","","","","","","","","","","","","","","","","","","",""
"OUTRIDERS : WORLDSLAYER","RM10","15","","","","","","","","","","","","","","","","","","","","","","",""
"OUTWARD","RM10","15","","","","","","","","","","","","","","","","","","","","","","",""
"OVERCOOKED 2","RM15","20","","","","","","","","","","","","","","","","","","","","","","",""
"OVERCOOKED ALL YOU CAN EAT","RM20","30","","","","","","","","","","","","","","","","","","","","","","",""
"OVERCOOKED GOURMET EDITION","RM5","8","","","","","","","","","","","","","","","","","","","","","","",""
"OVERCOOKED! SPECIAL EDITION + OVERCOOKED! 2","RM15","20","","","","","","","","","","","","","","","","","","","","","","",""
"OVERPASS","RM10","15","","","","","","","","","","","","","","","","","","","","","","",""
"OVERRIDE 2 : SUPER MECH LEAGUE","RM5","8","","","","","","","","","","","","","","","","","","","","","","",""
"OVERRIDE 2: SUPER MECH LEAGUE - ULTRAMAN DELUXE EDITION","RM60","80","","","","","","","","","","","","","","","","","","","","","","",""
"OVERRIDE MECH CITY BRAWL","RM5","8","","","","","","","","","","","","","","","","","","","","","","",""
"OVERWATCH","","","","","","","","","","","","","","","","","","","","","","","","",""
"OVERWATCH ORIGINS SERIES","","","","","","","","","","","","","","","","","","","","","","","","",""
"OWLBOY","RM5","8","","","","","","","","","","","","","","","","","","","","","","",""
"OXIDE ROOM 104","RM5","8","","","","","","","","","","","","","","","","","","","","","","",""
"PAC-MAN CHAMPIONSHIP EDITION 2 + ARCADE GAME SERIES ","RM5","8","","","","","","","","","","","","","","","","","","","","","","",""
"PAC-MAN MUSEUM PLUS","RM5","8","","","","","","","","","","","","","","","","","","","","","","",""
"PAC-MAN WORLD RE-PAC ","RM10","15","","","","","","","","","","","","","","","","","","","","","","",""
"PANG ADVENTURE","RM3","5","","","","","","","","","","","","","","","","","","","","","","",""
"PARANORMAL ACTIVITY : THE LOST SOUL","RM10","15","","","","","","","","","","","","","","","","","","","","","","",""
"PARAPPA THE RAPPER","RM3","5","","","","","","","","","","","","","","","","","","","","","","",""
"PARTHFINDER : WRATH OF THE RIGHTEOUSNESS","RM15","20","","","","","","","","","","","","","","","","","","","","","","",""
"PARTY ARCADE","RM10","15","","","","","","","","","","","","","","","","","","","","","","",""
"Past Cure","RM5","8","","","","","","","","","","","","","","","","","","","","","","",""
"PATAPON REMASTERED","RM5","8","","","","","","","","","","","","","","","","","","","","","","",""
"PATHFINDER : KINGMAKER DEFINITIVE","RM10","15","","","","","","","","","","","","","","","","","","","","","","",""
"PAW PATROL ON A ROLL","RM5","8","","","","","","","","","","","","","","","","","","","","","","",""
"PAW PETROL : GRAND PRIX","RM15","20","","","","","","","","","","","","","","","","","","","","","","",""
"PAW PETROL : MIGHTY PUPS SAVE ADVENTURE BAY","RM10","15","","","","","","","","","","","","","","","","","","","","","","",""
"PAW PETROL : THE MOVIE ADVENTURE CITY CALLS","RM5","8","","","","","","","","","","","","","","","","","","","","","","",""
"PAYDAY 2 THE BIG SCORE","RM10","15","","","","","","","","","","","","","","","","","","","","","","",""
"PAYDAY 2: CRIMEWAVE EDITION","RM10","15","","","","","","","","","","","","","","","","","","","","","","",""
"PEAKY BLINDERS : MASTERMIND","RM10","15","","","","","","","","","","","","","","","","","","","","","","",""
"PERSONA : ENDLESS NIGHT COLLECTION","RM5","8","","","","","","","","","","","","","","","","","","","","","","",""
"PERSONA 3 RELOAD STANDARD EDITION (CHINESE)","RM30","40","","","","","","","","","","","","","","","","","","","","","","",""
"PERSONA 3 RELOAD STANDARD EDITION (ENGLISH)","RM30","40","","","","","","","","","","","","","","","","","","","","","","",""
"PERSONA 3: DANCING IN MOONLIGHT","RM10","15","","","","","","","","","","","","","","","","","","","","","","",""
"PERSONA 5 ","RM5","8","","","","","","","","","","","","","","","","","","","","","","",""
"PERSONA 5 ROYAL","RM10","15","","","","","","","","","","","","","","","","","","","","","","",""
"PERSONA 5 STRIKERS/ SCRAMBLE ","RM10","15","","","","","","","","","","","","","","","","","","","","","","",""
"PERSONA 5 TACTICA","RM10","15","","","","","","","","","","","","","","","","","","","","","","",""
"PERSONA 5: DANCING IN STARLIGHT","RM10","15","","","","","","","","","","","","","","","","","","","","","","",""
"PGA TOUR 2K21","RM5","8","","","","","","","","","","","","","","","","","","","","","","",""
"PGA TOUR 2K23","RM20","30","","","","","","","","","","","","","","","","","","","","","","",""
"PHOENIX POINT","RM5","8","","","","","","","","","","","","","","","","","","","","","","",""
"PHOENIX WRIGHT ACE ATTORNEY TRILOGY","RM15","20","","","","","","","","","","","","","","","","","","","","","","",""
"PILLARS OF ETERNITY","RM10","15","","","","","","","","","","","","","","","","","","","","","","",""
"PILLARS OF ETERNITY 2 : DEADFIRE ULTIMATE","RM5","8","","","","","","","","","","","","","","","","","","","","","","",""
"PINBALL ARCADE","RM10","15","","","","","","","","","","","","","","","","","","","","","","",""
"PIXARK ","RM5","8","","","","","","","","","","","","","","","","","","","","","","",""
"PJ MASKS : HEROES OF THE NIGHT","RM5","8","","","","","","","","","","","","","","","","","","","","","","",""
"PLANESCAPE TORMENT ICEWIND ENHANCED EDITION ","RM5","8","","","","","","","","","","","","","","","","","","","","","","",""
"PLANET COASTER","RM40","55","","","","","","","","","","","","","","","","","","","","","","",""
"PLANTS VS ZOMBIES BATTLE FOR NEIGHBORVILLE","RM5","8","","","","","","","","","","","","","","","","","","","","","","",""
"PLANTS VS ZOMBIES GARDEN WARFARE","RM3","5","","","","","","","","","","","","","","","","","","","","","","",""
"PLANTS VS ZOMBIES GARDEN WARFARE 2","RM5","8","","","","","","","","","","","","","","","","","","","","","","",""
"PLAYER UNKNOWN'S BATTLEGROUND","RM0","0","","","","","","","","","","","","","","","","","","","","","","",""
"POCKY AND ROCKY RESHRINED","RM10","15","","","","","","","","","","","","","","","","","","","","","","",""
"POISON CONTROL ","RM5","8","","","","","","","","","","","","","","","","","","","","","","",""
"POKER CLUB","RM5","8","","","","","","","","","","","","","","","","","","","","","","",""
"POOL NATION","RM5","8","","","","","","","","","","","","","","","","","","","","","","",""
"PORT ROYALE 4","RM20","30","","","","","","","","","","","","","","","","","","","","","","",""
"PORTAL KNIGHTS","RM5","8","","","","","","","","","","","","","","","","","","","","","","",""
"POWER RANGERS : BATTLE FOR THE GRID   ","RM5","8","","","","","","","","","","","","","","","","","","","","","","",""
"POWER RANGERS : BATTLE FOR THE GRID COLLECTOR'S ","RM5","8","","","","","","","","","","","","","","","","","","","","","","",""
"PREDATOR: HUNTING GROUNDS","RM5","8","","","","","","","","","","","","","","","","","","","","","","",""
"PREY","RM5","8","","","","","","","","","","","","","","","","","","","","","","",""
"PRINCE OF PERSIA THE LOST CROWN","RM40","55","","","","","","","","","","","","","","","","","","","","","","",""
"PRISON ARCHITECT","RM3","5","","","","","","","","","","","","","","","","","","","","","","",""
"PRO EVOLUTION SOCCER 2019 ","RM5","8","","","","","","","","","","","","","","","","","","","","","","",""
"PRO EVOLUTION SOCCER 2020 / WINNING ELEVEN 2020","RM3","5","","","","","","","","","","","","","","","","","","","","","","",""
"PRO FISHING SIMULATOR ","RM5","8","","","","","","","","","","","","","","","","","","","","","","",""
"PROFESSIONAL FARMER 2017","RM5","8","","","","","","","","","","","","","","","","","","","","","","",""
"PROFESSOR RUBIK'S BRAIN FITNESS","RM5","8","","","","","","","","","","","","","","","","","","","","","","",""
"PROJECT CARS","RM5","8","","","","","","","","","","","","","","","","","","","","","","",""
"PROJECT CARS 2","RM5","8","","","","","","","","","","","","","","","","","","","","","","",""
"PROJECT CARS 3","RM10","15","","","","","","","","","","","","","","","","","","","","","","",""
"PROJECT HIGHRISE","RM0","0","","","","","","","","","","","","","","","","","","","","","","",""
"PROTOTYPE BIOHAZARD BUNDLE","RM15","20","","","","","","","","","","","","","","","","","","","","","","",""
"PSYCHO-PASS MANDATORY HAPPINESS","RM15","20","","","","","","","","","","","","","","","","","","","","","","",""
"PSYCHONAUTS 2 MOTHERLOBE","RM50","70","","","","","","","","","","","","","","","","","","","","","","",""
"PSYCHONAUTS IN THE RUMBUS OF RUIN VR","","","","","","","","","","","","","","","","","","","","","","","","",""
"PSYVARIAR DELTA","RM3","5","","","","","","","","","","","","","","","","","","","","","","",""
"PURE CHESS ","RM5","8","","","","","","","","","","","","","","","","","","","","","","",""
"PURE POOL ","RM5","8","","","","","","","","","","","","","","","","","","","","","","",""
"PUTTY SQUAD","RM3","5","","","","","","","","","","","","","","","","","","","","","","",""
"PUYO PUYO TETRIS 2","RM5","8","","","","","","","","","","","","","","","","","","","","","","",""
"PUYOPUYO TETRIS","RM5","8","","","","","","","","","","","","","","","","","","","","","","",""
"QUANTIC DREAM COLLECTION","RM15","20","","","","","","","","","","","","","","","","","","","","","","",""
"QUAR : INFERNAL MACHINES","RM0","0","","","","","","","","","","","","","","","","","","","","","","",""
"R-TYPE FINAL 2 INAUGURAL FLIGHT ","RM10","15","","","","","","","","","","","","","","","","","","","","","","",""
"R.B.I BASEBALL 2017","RM5","8","","","","","","","","","","","","","","","","","","","","","","",""
"R.B.I BASEBALL 21","RM10","15","","","","","","","","","","","","","","","","","","","","","","",""
"RABBIDS INVASION","RM3","5","","","","","","","","","","","","","","","","","","","","","","",""
"RABBIDS PARTY OF LEGENDS","RM10","15","","","","","","","","","","","","","","","","","","","","","","",""
"RACE WITH RYAN","RM5","8","","","","","","","","","","","","","","","","","","","","","","",""
"RAD RODGERS","RM5","8","","","","","","","","","","","","","","","","","","","","","","",""
"RAGE 2","RM10","15","","","","","","","","","","","","","","","","","","","","","","",""
"RAGING LOOP","RM5","8","","","","","","","","","","","","","","","","","","","","","","",""
"RAID WORLD WAR II","RM5","8","","","","","","","","","","","","","","","","","","","","","","",""
"RAIDEN V DIRECTOR'S CUT LIMITED EDITION","RM10","15","","","","","","","","","","","","","","","","","","","","","","",""
"RAILWAY EMPIRE","RM5","8","","","","","","","","","","","","","","","","","","","","","","",""
"RAPALA FISHING : PRO SERIES","RM10","15","","","","","","","","","","","","","","","","","","","","","","",""
"RATCHET & CLANK","RM10","15","","","","","","","","","","","","","","","","","","","","","","",""
"RAYMAN LEGENDS","RM10","15","","","","","","","","","","","","","","","","","","","","","","",""
"RBI BASEBALL 19","RM5","8","","","","","","","","","","","","","","","","","","","","","","",""
"RBI BASEBALL 20","RM5","8","","","","","","","","","","","","","","","","","","","","","","",""
"RE:ZERO - THE PROPHECY OF THE THRONE DAY ONE","RM10","15","","","","","","","","","","","","","","","","","","","","","","",""
"REAL FARM","RM5","8","","","","","","","","","","","","","","","","","","","","","","",""
"REAL HEROES : FIREFIGHTER ","RM5","8","","","","","","","","","","","","","","","","","","","","","","",""
"REALMS OF ARKANIA : BLADE OF DESTINY","RM10","15","","","","","","","","","","","","","","","","","","","","","","",""
"RED DEAD REDEMPTION","RM10","15","","","","","","","","","","","","","","","","","","","","","","",""
"RED DEAD REDEMPTION 2","RM45","60","","","","","","","","","","","","","","","","","","","","","","",""
"RED FACTION GUERRILLIA REMASTERED (R2)","RM5","8","","","","","","","","","","","","","","","","","","","","","","",""
"REDOUT","RM5","8","","","","","","","","","","","","","","","","","","","","","","",""
"REEL FISHING : ROAD TRIP ADVENTUE","RM5","8","","","","","","","","","","","","","","","","","","","","","","",""
"RELAYER","RM15","20","","","","","","","","","","","","","","","","","","","","","","",""
"REMNANT : FROM THE ASHES","RM5","8","","","","","","","","","","","","","","","","","","","","","","",""
"REMOTHERED : BROKEN PRECELAIN","RM10","15","","","","","","","","","","","","","","","","","","","","","","",""
"REMOTHERED : TORMENTED FATHERS","RM10","15","","","","","","","","","","","","","","","","","","","","","","",""
"REPUBLIQUE","RM5","8","","","","","","","","","","","","","","","","","","","","","","",""
"RESIDENT EVIL 2","RM5","8","","","","","","","","","","","","","","","","","","","","","","",""
"RESIDENT EVIL 3","RM5","8","","","","","","","","","","","","","","","","","","","","","","",""
"RESIDENT EVIL 4","RM5","8","","","","","","","","","","","","","","","","","","","","","","",""
"RESIDENT EVIL 4 REMAKE","RM15","20","","","","","","","","","","","","","","","","","","","","","","",""
"RESIDENT EVIL 5","RM10","15","","","","","","","","","","","","","","","","","","","","","","",""
"RESIDENT EVIL 6","RM10","15","","","","","","","","","","","","","","","","","","","","","","",""
"RESIDENT EVIL 7","RM5","8","","","","","","","","","","","","","","","","","","","","","","",""
"RESIDENT EVIL 7 BIOHAZARD GOLD","RM15","20","","","","","","","","","","","","","","","","","","","","","","",""
"RESIDENT EVIL ORIGINS COLLECTION","RM10","15","","","","","","","","","","","","","","","","","","","","","","",""
"RESIDENT EVIL REVELATIONS","RM10","15","","","","","","","","","","","","","","","","","","","","","","",""
"RESIDENT EVIL REVELATIONS 2","RM10","15","","","","","","","","","","","","","","","","","","","","","","",""
"RESIDENT EVIL UMBRELLA CORPS","RM10","15","","","","","","","","","","","","","","","","","","","","","","",""
"RESIDENT EVIL VILLAGE","RM15","20","","","","","","","","","","","","","","","","","","","","","","",""
"RESIDENT EVIL VILLAGE GOLD ","RM25","35","","","","","","","","","","","","","","","","","","","","","","",""
"REUS","RM3","5","","","","","","","","","","","","","","","","","","","","","","",""
"RICK AND MORTY VIRTUAL RICK-ALITY","RM10","15","","","","","","","","","","","","","","","","","","","","","","",""
"RICO","RM10","15","","","","","","","","","","","","","","","","","","","","","","",""
"RIDE","RM5","8","","","","","","","","","","","","","","","","","","","","","","",""
"RIDE 2","RM5","8","","","","","","","","","","","","","","","","","","","","","","",""
"RIDE 3","RM10","15","","","","","","","","","","","","","","","","","","","","","","",""
"RIDE 4","RM20","30","","","","","","","","","","","","","","","","","","","","","","",""
"RIDERS REPUBLIC   ","RM15","20","","","","","","","","","","","","","","","","","","","","","","",""
"RIDERS REPUBLIC GOLD","RM15","20","","","","","","","","","","","","","","","","","","","","","","",""
"RIGS MECHANIZED COMBAT LEAGUE VR","","","","","","","","","","","","","","","","","","","","","","","","",""
"RIME","RM5","8","","","","","","","","","","","","","","","","","","","","","","",""
"RIMS RACING SIM","RM10","15","","","","","","","","","","","","","","","","","","","","","","",""
"RISE OF THE TOMB RAIDER 20 YEAR COLLECTION","RM10","15","","","","","","","","","","","","","","","","","","","","","","",""
"RISEN","RM15","20","","","","","","","","","","","","","","","","","","","","","","",""
"RISK OF RAIN 2","RM5","8","","","","","","","","","","","","","","","","","","","","","","",""
"RIVER CITY SAGA: THREE KINGDOMS","RM30","40","","","","","","","","","","","","","","","","","","","","","","",""
"ROAD 96","RM10","15","","","","","","","","","","","","","","","","","","","","","","",""
"ROAD RAGE","RM5","8","","","","","","","","","","","","","","","","","","","","","","",""
"ROBINSON THE JOURNEY","RM10","15","","","","","","","","","","","","","","","","","","","","","","",""
"ROBOTICS;NOTES ELITE AND DASH DOUBLE PACK","RM10","15","","","","","","","","","","","","","","","","","","","","","","",""
"ROCK OF AGES 3 : MAKE AND BREAK","RM0","0","","","","","","","","","","","","","","","","","","","","","","",""
"ROCKET ARENA MYTHIC EDITION","RM0","0","","","","","","","","","","","","","","","","","","","","","","",""
"ROCKET LEAGUE CE","RM10","15","","","","","","","","","","","","","","","","","","","","","","",""
"ROCKET LEAGUE ULTIMATE","RM10","15","","","","","","","","","","","","","","","","","","","","","","",""
"ROGUE STORMERS","RM0","0","","","","","","","","","","","","","","","","","","","","","","",""
"ROGUE TROOPER REDUX","RM5","8","","","","","","","","","","","","","","","","","","","","","","",""
"ROLLER COASTER TYCOON JOYRIDE","RM10","15","","","","","","","","","","","","","","","","","","","","","","",""
"ROMAN RUMBLE IN LAS VEGUM : ASTERIX AND OBELIX XXL 2","RM5","8","","","","","","","","","","","","","","","","","","","","","","",""
"ROMANCE OF THE THREE KINGDOMS 13 (SANGOKUSHI 13)","RM10","15","","","","","","","","","","","","","","","","","","","","","","",""
"ROMANCE OF THE THREE KINGDOMS 14","RM5","8","","","","","","","","","","","","","","","","","","","","","","",""
"ROOT FILM ","RM10","15","","","","","","","","","","","","","","","","","","","","","","",""
"ROOT LETTER : LAST ANSWER","RM5","8","","","","","","","","","","","","","","","","","","","","","","",""
"RORY MCILROY PGA TOUR","RM10","15","","","","","","","","","","","","","","","","","","","","","","",""
"RPG MAKER MV","RM5","8","","","","","","","","","","","","","","","","","","","","","","",""
"RUGBY 18","RM0","0","","","","","","","","","","","","","","","","","","","","","","",""
"RUST  ","RM15","20","","","","","","","","","","","","","","","","","","","","","","",""
"RUSTLER","RM5","8","","","","","","","","","","","","","","","","","","","","","","",""
"RYAN'S RESCUE SQUAD ","RM5","8","","","","","","","","","","","","","","","","","","","","","","",""
"RYU GA GOTOKU 3 (CHN/JPN)","RM10","15","","","","","","","","","","","","","","","","","","","","","","",""
"RYU GA GOTOKU 4 (CHN/JPN)","RM10","15","","","","","","","","","","","","","","","","","","","","","","",""
"SACKBOY : A BIG ADVENTURE ","RM20","30","","","","","","","","","","","","","","","","","","","","","","",""
"SAGA SCARLET GRACE: AMBITIONS","RM20","30","","","","","","","","","","","","","","","","","","","","","","",""
"SAINT ROW GAT OUT OF HELL FIRST EDITION","RM10","15","","","","","","","","","","","","","","","","","","","","","","",""
"SAINT SEIYA SOLDIERS SOUL","RM10","15","","","","","","","","","","","","","","","","","","","","","","",""
"SAINTS ROW : THE THIRD REMASTERED ","RM10","15","","","","","","","","","","","","","","","","","","","","","","",""
"SAINTS ROW CRIMINAL CUSTOM","RM30","40","","","","","","","","","","","","","","","","","","","","","","",""
"SAINTS ROW IV  RE-ELECTED & GAT OUT OF HELL","RM5","8","","","","","","","","","","","","","","","","","","","","","","",""
"SAINTS ROW NOTORIOUS EDITION","RM10","15","","","","","","","","","","","","","","","","","","","","","","",""
"SAIRENTO VR","","","","","","","","","","","","","","","","","","","","","","","","",""
"SAKUNA OF RICE AND RUIN ","RM10","15","","","","","","","","","","","","","","","","","","","","","","",""
"SAKUNA WARS","RM10","15","","","","","","","","","","","","","","","","","","","","","","",""
"SAMURAI MAIDEN","RM45","60","","","","","","","","","","","","","","","","","","","","","","",""
"SAMURAI SHOWDOWN 2019","RM10","15","","","","","","","","","","","","","","","","","","","","","","",""
"SAMURAI WARRIORS 4 / SENGOKU MUSOU 4","RM10","15","","","","","","","","","","","","","","","","","","","","","","",""
"SAMURAI WARRIORS 4 EMPIRES / SENGOKU MUSOU 4 EMPIRES","RM10","15","","","","","","","","","","","","","","","","","","","","","","",""
"SAMURAI WARRIORS 4-II / SENGOKU MUSOU 4-II","RM3","5","","","","","","","","","","","","","","","","","","","","","","",""
"SAMURAI WARRIORS 5","RM10","15","","","","","","","","","","","","","","","","","","","","","","",""
"SAMURAI WARRIORS SPIRIT OF SANADA/SENGOKU MUSOU SANADA MARU","RM10","15","","","","","","","","","","","","","","","","","","","","","","",""
"SANTA'S XMAS ADVENTURE","RM0","0","","","","","","","","","","","","","","","","","","","","","","",""
"SAYONARA WILD HEARTS","RM3","5","","","","","","","","","","","","","","","","","","","","","","",""
"SCARLET NEXUS","RM10","15","","","","","","","","","","","","","","","","","","","","","","",""
"SCHOOL GIRL/ZOMBIE HUNTER","RM10","15","","","","","","","","","","","","","","","","","","","","","","",""
"SCRIBBLENAUTS MEGA PACK","RM5","8","","","","","","","","","","","","","","","","","","","","","","",""
"SCRIBBLENAUTS SHOWDOWN","RM5","8","","","","","","","","","","","","","","","","","","","","","","",""
"SD GUNDAM BATTLE ALLIANCE","RM20","30","","","","","","","","","","","","","","","","","","","","","","",""
"SD GUNDAM G GENERATION CROSS RAYS (PS4/R3/ENG)","RM15","20","","","","","","","","","","","","","","","","","","","","","","",""
"SD GUNDAM G GENERATION GENESIS","RM15","20","","","","","","","","","","","","","","","","","","","","","","",""
"SEA OF STARS","RM20","30","","","","","","","","","","","","","","","","","","","","","","",""
"SEBASTIEN LOEB RALLY EVO","RM5","8","","","","","","","","","","","","","","","","","","","","","","",""
"SECRET OF MANA / SEIKEN DENSETSU 2","RM10","15","","","","","","","","","","","","","","","","","","","","","","",""
"SEGA GENESIS CLASSICS","RM15","20","","","","","","","","","","","","","","","","","","","","","","",""
"SEGA GENESIS COLLECTIONS","RM30","40","","","","","","","","","","","","","","","","","","","","","","",""
"SEKIRO SHADOWS DIE TWICE","RM30","40","","","","","","","","","","","","","","","","","","","","","","",""
"SENGOKU BASARA 4 SUMERAGI (JPN/CHN)","RM10","15","","","","","","","","","","","","","","","","","","","","","","",""
"SENGOKU BASARA SANADA YUKIMURA-DEN (JPN/CHN)","RM20","30","","","","","","","","","","","","","","","","","","","","","","",""
"SENRAN KAGURA BURST RE: NEWAL AT THE SEAMS ","RM10","15","","","","","","","","","","","","","","","","","","","","","","",""
"SENRAN KAGURA ESTIVAL VERSUS","RM20","30","","","","","","","","","","","","","","","","","","","","","","",""
"SENRAN KAGURA PEACH BEACH SPLASH","RM10","15","","","","","","","","","","","","","","","","","","","","","","",""
"SESSION : SKATE SIM","RM10","15","","","","","","","","","","","","","","","","","","","","","","",""
"SHADOW AWAKENING","RM5","8","","","","","","","","","","","","","","","","","","","","","","",""
"SHADOW OF MORDOR","RM3","5","","","","","","","","","","","","","","","","","","","","","","",""
"SHADOW OF MORDOR GOTY EDITION","RM5","8","","","","","","","","","","","","","","","","","","","","","","",""
"SHADOW OF THE BEAST","RM3","5","","","","","","","","","","","","","","","","","","","","","","",""
"SHADOW OF THE COLOSSUS","RM15","20","","","","","","","","","","","","","","","","","","","","","","",""
"SHADOW OF THE TOMB RAIDER","RM5","8","","","","","","","","","","","","","","","","","","","","","","",""
"SHADOW OF WAR","RM3","5","","","","","","","","","","","","","","","","","","","","","","",""
"SHADOW TACTICS BLADE OF THE SHOGUN","RM5","8","","","","","","","","","","","","","","","","","","","","","","",""
"SHADOW WARRIOR","RM5","8","","","","","","","","","","","","","","","","","","","","","","",""
"SHADOWS AWAKENING","RM5","8","","","","","","","","","","","","","","","","","","","","","","",""
"SHANTAE HALF-GENIE HERO","RM15","20","","","","","","","","","","","","","","","","","","","","","","",""
"SHAQ FU A LEGEND REBORN","RM5","8","","","","","","","","","","","","","","","","","","","","","","",""
"SHENMUE 1 & 2","RM5","8","","","","","","","","","","","","","","","","","","","","","","",""
"SHENMUE 3","RM5","8","","","","","","","","","","","","","","","","","","","","","","",""
"SHERLOCK HOLMES CRIMES & PUNISHMENTS","RM10","15","","","","","","","","","","","","","","","","","","","","","","",""
"SHERLOCK HOLMES THE DEVIL'S DAUGHTER","RM10","15","","","","","","","","","","","","","","","","","","","","","","",""
"SHIN MEGAMI TENSEI 3 : NOCTURNE HD REMASTER","RM10","15","","","","","","","","","","","","","","","","","","","","","","",""
"SHINING RESONANCE REFRAIN","RM10","15","","","","","","","","","","","","","","","","","","","","","","",""
"SHINY","RM3","5","","","","","","","","","","","","","","","","","","","","","","",""
"SHOVEL KNIGHT","RM10","15","","","","","","","","","","","","","","","","","","","","","","",""
"SID MEIER'S CIVILIZATION 4","RM10","15","","","","","","","","","","","","","","","","","","","","","","",""
"SID MEIER'S CIVILIZATION VI","RM10","15","","","","","","","","","","","","","","","","","","","","","","",""
"SIFU","RM20","30","","","","","","","","","","","","","","","","","","","","","","",""
"SINE MORA EX","RM5","8","","","","","","","","","","","","","","","","","","","","","","",""
"SINKING CITY","RM10","15","","","","","","","","","","","","","","","","","","","","","","",""
"SKATER XL ","RM10","15","","","","","","","","","","","","","","","","","","","","","","",""
"SKUL : THE HERO SLAYER ","RM10","15","","","","","","","","","","","","","","","","","","","","","","",""
"SKULLGIRLS 2ND ENCORE","RM3","5","","","","","","","","","","","","","","","","","","","","","","",""
"SKULLY ","RM10","15","","","","","","","","","","","","","","","","","","","","","","",""
"SKYLANDERS IMAGINATORS VIDEO GAME","RM10","15","","","","","","","","","","","","","","","","","","","","","","",""
"SKYLANDERS SWAP FORCE","RM3","5","","","","","","","","","","","","","","","","","","","","","","",""
"SLAY THE SPIRE","RM5","8","","","","","","","","","","","","","","","","","","","","","","",""
"SLEEPING DOGS DEFINITIVE EDITION","RM10","15","","","","","","","","","","","","","","","","","","","","","","",""
"SLIDE STARS","RM5","8","","","","","","","","","","","","","","","","","","","","","","",""
"SLIME RANCHER","RM10","15","","","","","","","","","","","","","","","","","","","","","","",""
"SLIME RANCHER DELUXE","RM10","15","","","","","","","","","","","","","","","","","","","","","","",""
"SMASH HIT PLUNER","RM5","8","","","","","","","","","","","","","","","","","","","","","","",""
"SNIPER CONTRACTS","RM5","8","","","","","","","","","","","","","","","","","","","","","","",""
"SNIPER ELITE 3","RM5","8","","","","","","","","","","","","","","","","","","","","","","",""
"SNIPER ELITE 3 ULTIMATE EDITION","RM5","8","","","","","","","","","","","","","","","","","","","","","","",""
"SNIPER ELITE 4","RM10","15","","","","","","","","","","","","","","","","","","","","","","",""
"SNIPER ELITE 5","RM20","30","","","","","","","","","","","","","","","","","","","","","","",""
"SNIPER ELITE V2 REMASTERED","RM10","15","","","","","","","","","","","","","","","","","","","","","","",""
"SNIPER GHOST WARRIOR 3","RM5","8","","","","","","","","","","","","","","","","","","","","","","",""
"SNIPER GHOST WARRIOR CONTRACTS ","RM5","8","","","","","","","","","","","","","","","","","","","","","","",""
"SNIPER GHOST WARRIOR CONTRACTS 2","RM30","40","","","","","","","","","","","","","","","","","","","","","","",""
"SNK 40TH ANNIVERSARY COLLECTION ","RM15","20","","","","","","","","","","","","","","","","","","","","","","",""
"SNK HEROINES TAG TEAM FRENZY","RM10","15","","","","","","","","","","","","","","","","","","","","","","",""
"SNOOPY'S GRAND ADVENTURE","RM10","15","","","","","","","","","","","","","","","","","","","","","","",""
"SNOWRUNNER ","RM15","20","","","","","","","","","","","","","","","","","","","","","","",""
"SONG OF MEMORIES","RM10","15","","","","","","","","","","","","","","","","","","","","","","",""
"SONG OF THE DEEP","RM5","8","","","","","","","","","","","","","","","","","","","","","","",""
"SONIC COLORS ULTIMATE","RM15","20","","","","","","","","","","","","","","","","","","","","","","",""
"SONIC FORCES","RM10","15","","","","","","","","","","","","","","","","","","","","","","",""
"SONIC FRONTIERS","RM50","70","","","","","","","","","","","","","","","","","","","","","","",""
"SONIC MANIA PLUS","RM15","20","","","","","","","","","","","","","","","","","","","","","","",""
"SONIC ORIGINS PLUS","RM40","55","","","","","","","","","","","","","","","","","","","","","","",""
"SONIC SHADOW GENERATIONS","RM30","40","","","","","","","","","","","","","","","","","","","","","","",""
"SOUL CALIBUR VI","RM5","8","","","","","","","","","","","","","","","","","","","","","","",""
"SOUL HACKERS 2","RM30","40","","","","","","","","","","","","","","","","","","","","","","",""
"SOUTH PARK : THE STICK OF TRUTH","RM15","20","","","","","","","","","","","","","","","","","","","","","","",""
"SOUTH PARK THE FRACTURED BUT WHOLE","RM5","8","","","","","","","","","","","","","","","","","","","","","","",""
"SPACE HULK DEATHWING ENHANCED EDITION","RM5","8","","","","","","","","","","","","","","","","","","","","","","",""
"SPACEBASE STARTOPIA","RM5","8","","","","","","","","","","","","","","","","","","","","","","",""
"SPARKLITE","RM5","8","","","","","","","","","","","","","","","","","","","","","","",""
"SPEED 3 GRAND PRIX","RM5","8","","","","","","","","","","","","","","","","","","","","","","",""
"SPELLFORCE III REFORCED","RM25","35","","","","","","","","","","","","","","","","","","","","","","",""
"SPIKE VOLLEYBALL","RM3","5","","","","","","","","","","","","","","","","","","","","","","",""
"SPIRIT OF THE NORTH","RM10","15","","","","","","","","","","","","","","","","","","","","","","",""
"SPIRITFARER","RM10","15","","","","","","","","","","","","","","","","","","","","","","",""
"SPONGEBOB SQUAREPANTS BATTLE FOR BIKINI BOTTOM: REHYDRATED","RM10","15","","","","","","","","","","","","","","","","","","","","","","",""
"SPONGEBOB SQUAREPANTS: THE COSMIC SHAKE ","RM15","20","","","","","","","","","","","","","","","","","","","","","","",""
"SPYRO REIGNITED TRILOGY","RM15","20","","","","","","","","","","","","","","","","","","","","","","",""
"STAR OCEAN : THE DIVINCE FORCE","RM20","30","","","","","","","","","","","","","","","","","","","","","","",""
"STAR OCEAN INTEGRITY AND FAITHLESSNESS","RM10","15","","","","","","","","","","","","","","","","","","","","","","",""
"STAR TREK BRIDGE CREW VR","","","","","","","","","","","","","","","","","","","","","","","","",""
"STAR TREK PRODIGY SUPERNOVA","RM20","30","","","","","","","","","","","","","","","","","","","","","","",""
"STAR WARS BATTLEFRONT","RM3","5","","","","","","","","","","","","","","","","","","","","","","",""
"STAR WARS BATTLEFRONT 2","RM5","8","","","","","","","","","","","","","","","","","","","","","","",""
"STAR WARS JEDI FALLEN ORDER","RM5","8","","","","","","","","","","","","","","","","","","","","","","",""
"STAR WARS JEDI KNIGHT COLLECTION","RM10","15","","","","","","","","","","","","","","","","","","","","","","",""
"STAR WARS RACERS AND COMMANDO COMBO","RM10","15","","","","","","","","","","","","","","","","","","","","","","",""
"STAR WARS: SQUADRONS","RM5","8","","","","","","","","","","","","","","","","","","","","","","",""
"STARDEW VALLEY","RM10","15","","","","","","","","","","","","","","","","","","","","","","",""
"STARLINK : BATTLE FOR ATLAS GAME ONLY","RM0","0","","","","","","","","","","","","","","","","","","","","","","",""
"STARLINK BATTLE FOR ATLAS","RM0","0","","","","","","","","","","","","","","","","","","","","","","",""
"STATE OF MIND","RM3","5","","","","","","","","","","","","","","","","","","","","","","",""
"STEAM WORLD COLLECTION","RM3","5","","","","","","","","","","","","","","","","","","","","","","",""
"STEEL RATS","RM3","5","","","","","","","","","","","","","","","","","","","","","","",""
"STEEP","RM5","8","","","","","","","","","","","","","","","","","","","","","","",""
"STEEP WINTER GAMES EDITION","RM3","5","","","","","","","","","","","","","","","","","","","","","","",""
"STEINS GATE ELITE","RM3","5","","","","","","","","","","","","","","","","","","","","","","",""
"STEINS GATE ZERO","RM3","5","","","","","","","","","","","","","","","","","","","","","","",""
"STERN PINBALL ARCADE","RM5","8","","","","","","","","","","","","","","","","","","","","","","",""
"STEVEN UNIVERSE : SAVE THE LIGHT AND OK K.O.! LET'S PLAY HEROES COMBO","RM5","8","","","","","","","","","","","","","","","","","","","","","","",""
"STORY OF SEASONS : FRIENDS OF MINERAL TOWN","RM10","15","","","","","","","","","","","","","","","","","","","","","","",""
"STORY OF SEASONS : PIONEERS OF OLIVE TOWN","RM15","20","","","","","","","","","","","","","","","","","","","","","","",""
"STRANDED SAILS : EXPLORERS OF THE CURSED ISLANDS","RM5","8","","","","","","","","","","","","","","","","","","","","","","",""
"STRANGE BRIGADE","RM10","15","","","","","","","","","","","","","","","","","","","","","","",""
"STRANGER OF PARADISE FINAL FANTASY ORIGIN","RM20","30","","","","","","","","","","","","","","","","","","","","","","",""
"STRAY","RM50","70","","","","","","","","","","","","","","","","","","","","","","",""
"STREET FIGHTER 30TH ANNIVERSARY COLLECTION","RM10","15","","","","","","","","","","","","","","","","","","","","","","",""
"STREET FIGHTER 5 (ALL EDITION)","RM10","15","","","","","","","","","","","","","","","","","","","","","","",""
"STREET FIGHTER 6","RM30","40","","","","","","","","","","","","","","","","","","","","","","",""
"STREET OF RAGE 4","RM10","15","","","","","","","","","","","","","","","","","","","","","","",""
"STREET OF RAGE 4 ANNIVERSARY EDITION","RM15","20","","","","","","","","","","","","","","","","","","","","","","",""
"STREET OUTLAWS : THE LIST ","RM5","8","","","","","","","","","","","","","","","","","","","","","","",""
"STREET OUTLAWS 2 : WINNER TAKES ALL","RM10","15","","","","","","","","","","","","","","","","","","","","","","",""
"STREET POWER SOCCER","RM0","0","","","","","","","","","","","","","","","","","","","","","","",""
"STYX SHARDS OF DARKNESS","RM5","8","","","","","","","","","","","","","","","","","","","","","","",""
"SUBNAUTICA   ","RM10","15","","","","","","","","","","","","","","","","","","","","","","",""
"SUBNAUTICA : BELOW ZERO ","RM5","8","","","","","","","","","","","","","","","","","","","","","","",""
"SUDDEN STRIKE 4      ","RM5","8","","","","","","","","","","","","","","","","","","","","","","",""
"SUDDEN STRIKE 4 COMPLETE COLLECTION","RM5","8","","","","","","","","","","","","","","","","","","","","","","",""
"SUMMON NIGHT 6 LOST BORDERS","RM10","15","","","","","","","","","","","","","","","","","","","","","","",""
"SUPER BOMBERMAN R","RM10","15","","","","","","","","","","","","","","","","","","","","","","",""
"SUPER BOMBERMAN R 2","RM30","40","","","","","","","","","","","","","","","","","","","","","","",""
"SUPER BULLET BREAK","RM15","20","","","","","","","","","","","","","","","","","","","","","","",""
"SUPER CANE MAGIC ZERO","RM10","15","","","","","","","","","","","","","","","","","","","","","","",""
"SUPER MONKEY BALL : BANAN MANIA","RM10","15","","","","","","","","","","","","","","","","","","","","","","",""
"SUPER MONKEY BALL : BANANA BLITZ HD","RM10","15","","","","","","","","","","","","","","","","","","","","","","",""
"SUPER NEPTUNIA RPG","RM3","5","","","","","","","","","","","","","","","","","","","","","","",""
"SUPER PIXEL RACERS","RM3","5","","","","","","","","","","","","","","","","","","","","","","",""
"SUPER ROBOT WARS 30","RM10","15","","","","","","","","","","","","","","","","","","","","","","",""
"SUPER ROBOT WARS OG THE MOON DWELLERS","RM15","20","","","","","","","","","","","","","","","","","","","","","","",""
"SUPER ROBOT WARS T","RM10","15","","","","","","","","","","","","","","","","","","","","","","",""
"SUPER ROBOT WARS V","RM10","15","","","","","","","","","","","","","","","","","","","","","","",""
"SUPER ROBOT WARS X","RM10","15","","","","","","","","","","","","","","","","","","","","","","",""
"SUPER STREET : THE GAME","RM10","15","","","","","","","","","","","","","","","","","","","","","","",""
"SURF WORLD SERIES","RM3","5","","","","","","","","","","","","","","","","","","","","","","",""
"SURVIVING THE AFTERMATH","RM5","8","","","","","","","","","","","","","","","","","","","","","","",""
"SWORD & FAIRY 6","RM10","15","","","","","","","","","","","","","","","","","","","","","","",""
"SWORD AND FAIRY TOGERTHER FOREVER","RM30","40","","","","","","","","","","","","","","","","","","","","","","",""
"SWORD ART ONLINE : LOST SONG","RM5","8","","","","","","","","","","","","","","","","","","","","","","",""
"SWORD ART ONLINE ALICIZATION LYCORIS","RM5","8","","","","","","","","","","","","","","","","","","","","","","",""
"SWORD ART ONLINE GAME DIRECTOR'S EDITION","RM5","8","","","","","","","","","","","","","","","","","","","","","","",""
"SWORD ART ONLINE HOLLOW REALIZATION","RM5","8","","","","","","","","","","","","","","","","","","","","","","",""
"SWORD ART ONLINE: FATAL BULLET","RM5","8","","","","","","","","","","","","","","","","","","","","","","",""
"SWORD ART ONLINE: LAST RECOLLECTION","RM20","30","","","","","","","","","","","","","","","","","","","","","","",""
"SYBERIA 3","RM3","5","","","","","","","","","","","","","","","","","","","","","","",""
"TACTICS OGRE : REBORN","RM20","30","","","","","","","","","","","","","","","","","","","","","","",""
"TAIKO NO TATSUJIN DRUM SESSION","RM15","20","","","","","","","","","","","","","","","","","","","","","","",""
"TALES FROM THE BORDERLANDS A TELLTALE GAMES SERIES","RM10","15","","","","","","","","","","","","","","","","","","","","","","",""
"TALES OF ARISE","RM15","20","","","","","","","","","","","","","","","","","","","","","","",""
"TALES OF BERSERIA","RM10","15","","","","","","","","","","","","","","","","","","","","","","",""
"TALES OF SYMPHONIA","RM25","35","","","","","","","","","","","","","","","","","","","","","","",""
"TALES OF VESPERIA DEFINITIVE EDITION","RM5","8","","","","","","","","","","","","","","","","","","","","","","",""
"TALES OF ZESTIRIA","RM10","15","","","","","","","","","","","","","","","","","","","","","","",""
"TALOS PRINCIPLE","RM5","8","","","","","","","","","","","","","","","","","","","","","","",""
"TAXI CHAOS","RM10","15","","","","","","","","","","","","","","","","","","","","","","",""
"TEAM SONIC RACING","RM15","20","","","","","","","","","","","","","","","","","","","","","","",""
"TEARAWAY UNFOLDED","RM5","8","","","","","","","","","","","","","","","","","","","","","","",""
"TEENAGE MUTANT NINJA TURTLES : SHREDDER'S REVENGE","RM20","30","","","","","","","","","","","","","","","","","","","","","","",""
"TEENAGE MUTANT NINJA TURTLES : THE COWABUNGA COLLECTION","RM25","35","","","","","","","","","","","","","","","","","","","","","","",""
"TEENAGE MUTANT NINJA TURTLES MUTANTS IN MANHATTAN","RM30","40","","","","","","","","","","","","","","","","","","","","","","",""
"TEKKEN 7","RM40","55","","","","","","","","","","","","","","","","","","","","","","",""
"TEKKEN 7 + SOULCALIBUR VI","RM40","55","","","","","","","","","","","","","","","","","","","","","","",""
"TEMPEST 4000","RM5","8","","","","","","","","","","","","","","","","","","","","","","",""
"TENNIS WORLD TOUR","RM3","5","","","","","","","","","","","","","","","","","","","","","","",""
"TENNIS WORLD TOUR 2","RM10","15","","","","","","","","","","","","","","","","","","","","","","",""
"TENNIS WORLD TOUR ROLAND GARROS","RM3","5","","","","","","","","","","","","","","","","","","","","","","",""
"TERMINATOR : RESISTANCE","RM20","30","","","","","","","","","","","","","","","","","","","","","","",""
"TERRA TRILOGY","RM0","0","","","","","","","","","","","","","","","","","","","","","","",""
"TERRARIA","RM5","8","","","","","","","","","","","","","","","","","","","","","","",""
"TESLAGRAD","RM5","8","","","","","","","","","","","","","","","","","","","","","","",""
"TETRIS EFFECT","RM15","20","","","","","","","","","","","","","","","","","","","","","","",""
"THE 25TH WARD : SILVER CASE","RM3","5","","","","","","","","","","","","","","","","","","","","","","",""
"THE ALLIANCE ALIVE HD REMASTERED","RM5","8","","","","","","","","","","","","","","","","","","","","","","",""
"THE AMAZING SPIDER-MAN 2","RM25","35","","","","","","","","","","","","","","","","","","","","","","",""
"THE ANGRY BIRDS MOVIE 2 VR : UNDER PRESSURE","","","","","","","","","","","","","","","","","","","","","","","","",""
"THE ASCENT","RM10","15","","","","","","","","","","","","","","","","","","","","","","",""
"THE BACK TO THE FUTURE THE GAME","RM3","5","","","","","","","","","","","","","","","","","","","","","","",""
"THE BANNER SAGA TRILOGY BONUS EDITION","RM5","8","","","","","","","","","","","","","","","","","","","","","","",""
"THE BARD'S TALE 4 : DIRECTOR'S CUT","RM10","15","","","","","","","","","","","","","","","","","","","","","","",""
"THE BINDING OF ISAAC AFTERBIRTH","RM15","20","","","","","","","","","","","","","","","","","","","","","","",""
"THE CALIGULA EFFECT 2","RM10","15","","","","","","","","","","","","","","","","","","","","","","",""
"THE CALLISTO PROTOCOL ","RM20","30","","","","","","","","","","","","","","","","","","","","","","",""
"THE CALLISTO PROTOCOL DAY 1 EDITION","RM20","30","","","","","","","","","","","","","","","","","","","","","","",""
"THE CENTENNIAL CASE: A SHIJIMA STORY","RM30","40","","","","","","","","","","","","","","","","","","","","","","",""
"THE COUNCIL ","RM10","15","","","","","","","","","","","","","","","","","","","","","","",""
"THE CREW","","","","","","","","","","","","","","","","","","","","","","","","",""
"THE CREW 2","RM10","15","","","","","","","","","","","","","","","","","","","","","","",""
"THE CREW MOTORFEST","RM30","40","","","","","","","","","","","","","","","","","","","","","","",""
"THE CRUEL KING AND THE GREAT HERO STORYBOOK EDITION","RM10","15","","","","","","","","","","","","","","","","","","","","","","",""
"THE DARK PICTURE ANTHOLOGY: LITTLE HOPE","RM15","20","","","","","","","","","","","","","","","","","","","","","","",""
"THE DARK PICTURES ANTHOLOGY MAN OF MEDAN","RM10","15","","","","","","","","","","","","","","","","","","","","","","",""
"THE DARK PICTURES HOUSE OF ASHES","RM15","20","","","","","","","","","","","","","","","","","","","","","","",""
"THE DIOFIELD CHRONICLE","RM20","30","","","","","","","","","","","","","","","","","","","","","","",""
"THE DUNGEON OF NAHEULBEUK : THE AMULET OF CHAOS","RM5","8","","","","","","","","","","","","","","","","","","","","","","",""
"THE DWARVES","RM5","8","","","","","","","","","","","","","","","","","","","","","","",""
"THE ELDER SCROLLS V : SKYRIM    ","RM5","8","","","","","","","","","","","","","","","","","","","","","","",""
"THE ELDER SCROLLS V : SKYRIM ANNIVERSARY","RM20","30","","","","","","","","","","","","","","","","","","","","","","",""
"THE ELDER SCROLLS V SKYRIM SPECIAL EDITION","RM10","15","","","","","","","","","","","","","","","","","","","","","","",""
"THE ELDER SCROLLS: ONLINE","RM5","8","","","","","","","","","","","","","","","","","","","","","","",""
"THE ESCAPISTS 2","RM5","8","","","","","","","","","","","","","","","","","","","","","","",""
"THE ESCAPISTS AND THE ESCAPISTS 2","RM10","15","","","","","","","","","","","","","","","","","","","","","","",""
"THE ETERNAL CYLINDER","RM10","15","","","","","","","","","","","","","","","","","","","","","","",""
"THE EVIL KING AND THE BRAVE WARRIOR (CHN)","RM10","15","","","","","","","","","","","","","","","","","","","","","","",""
"THE EVIL WITHIN","RM10","15","","","","","","","","","","","","","","","","","","","","","","",""
"THE EVIL WITHIN 2","RM10","15","","","","","","","","","","","","","","","","","","","","","","",""
"THE FISHERMAN : FISHING PLANET","RM5","8","","","","","","","","","","","","","","","","","","","","","","",""
"THE GIRL AND THE ROBOT","RM5","8","","","","","","","","","","","","","","","","","","","","","","",""
"THE GOLF CLUB 2","RM5","8","","","","","","","","","","","","","","","","","","","","","","",""
"THE GOLF CLUB 2019 FEATURING PGA TOUR","RM5","8","","","","","","","","","","","","","","","","","","","","","","",""
"THE GOLF CLUB COLLECTOR'S EDITION","RM5","8","","","","","","","","","","","","","","","","","","","","","","",""
"THE GREAT ACE ATTORNEY CHRONICLES","RM25","35","","","","","","","","","","","","","","","","","","","","","","",""
"THE HOUSE OF THE DEAD: REMAKE","RM20","30","","","","","","","","","","","","","","","","","","","","","","",""
"THE HUNTER : CALL OF THE WILD 2019 EDITION","RM10","15","","","","","","","","","","","","","","","","","","","","","","",""
"THE IDOLM@STER PLATINUM STARS","RM10","15","","","","","","","","","","","","","","","","","","","","","","",""
"THE INPATIENT VR","","","","","","","","","","","","","","","","","","","","","","","","",""
"THE INVISIBLE HOURS","RM5","8","","","","","","","","","","","","","","","","","","","","","","",""
"THE JACKBOX PARTY PACK   ","RM10","15","","","","","","","","","","","","","","","","","","","","","","",""
"THE JACKBOX PARTY PACK 7","RM5","8","","","","","","","","","","","","","","","","","","","","","","",""
"THE KING OF FIGHTERS XIV ","RM10","15","","","","","","","","","","","","","","","","","","","","","","",""
"THE KING OF FIGHTERS XV","RM20","30","","","","","","","","","","","","","","","","","","","","","","",""
"THE LAST GUARDIAN","RM5","8","","","","","","","","","","","","","","","","","","","","","","",""
"THE LAST KIDS ON EARTH AND THE STAFF OF DOOM ","RM5","8","","","","","","","","","","","","","","","","","","","","","","",""
"THE LAST OF US 2","RM50","70","","","","","","","","","","","","","","","","","","","","","","",""
"THE LAST OF US REMASTERED","RM30","40","","","","","","","","","","","","","","","","","","","","","","",""
"THE LAST STAND : AFTERMATH","RM15","20","","","","","","","","","","","","","","","","","","","","","","",""
"THE LAST THINKER CITY OF COLORS","RM3","5","","","","","","","","","","","","","","","","","","","","","","",""
"THE LEGEND OF HEROES : AO NO KISEKI (PS4/CHI)","RM10","15","","","","","","","","","","","","","","","","","","","","","","",""
"THE LEGEND OF HEROES : ZERO NO KISEKI","RM30","40","","","","","","","","","","","","","","","","","","","","","","",""
"THE LEGEND OF HEROES TRAILS FROM ZERO","RM40","55","","","","","","","","","","","","","","","","","","","","","","",""
"THE LEGEND OF HEROES TRAILS INTO REVERIE DELUXE EDITION","RM60","80","","","","","","","","","","","","","","","","","","","","","","",""
"THE LEGEND OF HEROES TRAILS OF COLD STEEL","RM10","15","","","","","","","","","","","","","","","","","","","","","","",""
"THE LEGEND OF HEROES TRAILS OF COLD STEEL 2","RM10","15","","","","","","","","","","","","","","","","","","","","","","",""
"THE LEGEND OF HEROES TRAILS OF COLD STEEL 3","RM15","20","","","","","","","","","","","","","","","","","","","","","","",""
"THE LEGEND OF HEROES TRAILS OF COLD STEEL 4 FRONTLINE","RM20","30","","","","","","","","","","","","","","","","","","","","","","",""
"THE LEGEND OF HEROES TRAILS OF COLD STEEL AZURE","RM50","70","","","","","","","","","","","","","","","","","","","","","","",""
"THE LEGEND OF HEROES: HAJIMARI NO KISEKI (R3/CHI)","RM10","15","","","","","","","","","","","","","","","","","","","","","","",""
"THE LEGEND OF HEROES: KURO NO KISEKI 2 CRIMSON SIN","RM40","55","","","","","","","","","","","","","","","","","","","","","","",""
"THE LEGEND OF HEROES: TRAILS THROUGH DAYBREAK","RM60","80","","","","","","","","","","","","","","","","","","","","","","",""
"THE LEGO MARVEL COLLECTION","RM10","15","","","","","","","","","","","","","","","","","","","","","","",""
"THE LEGO MOVIE 2 VIDEOGAME","RM5","8","","","","","","","","","","","","","","","","","","","","","","",""
"THE LEGO MOVIE VIDEOGAME","RM5","8","","","","","","","","","","","","","","","","","","","","","","",""
"THE LIAR PRINCESS AND THE BLIND PRINCE(CHN)","RM10","15","","","","","","","","","","","","","","","","","","","","","","",""
"THE LONG DARK","RM15","20","","","","","","","","","","","","","","","","","","","","","","",""
"THE LONG JOURNEY HOME","RM10","15","","","","","","","","","","","","","","","","","","","","","","",""
"THE LORD OF THE RINGS: GOLLUM","RM10","15","","","","","","","","","","","","","","","","","","","","","","",""
"THE LOST CHILD","RM10","15","","","","","","","","","","","","","","","","","","","","","","",""
"THE NINJA SAVIORS RETURN OF THE WARRIORS","RM15","20","","","","","","","","","","","","","","","","","","","","","","",""
"THE OCCUPATION","RM5","8","","","","","","","","","","","","","","","","","","","","","","",""
"THE ORDER 1886","RM3","5","","","","","","","","","","","","","","","","","","","","","","",""
"THE OUTER WORLDS","RM10","15","","","","","","","","","","","","","","","","","","","","","","",""
"THE QUARRY","RM20","30","","","","","","","","","","","","","","","","","","","","","","",""
"THE SEVEN DEADLY SINS KNIGHTS OF BRITANNIA","RM10","15","","","","","","","","","","","","","","","","","","","","","","",""
"THE SEXY BRUTALE","RM5","8","","","","","","","","","","","","","","","","","","","","","","",""
"THE SILVER CASE","RM10","15","","","","","","","","","","","","","","","","","","","","","","",""
"THE SIMS 4","RM3","5","","","","","","","","","","","","","","","","","","","","","","",""
"THE SIMS 4 PLUS ECO LIFESTYLE BUNDLE","RM10","15","","","","","","","","","","","","","","","","","","","","","","",""
"THE SIMS 4 PLUS ISLAND LIVING BUNDLE","RM15","20","","","","","","","","","","","","","","","","","","","","","","",""
"THE SIMS 4 WITH CATS AND DOGS EXPANSION PACK BUNDLE","RM20","30","","","","","","","","","","","","","","","","","","","","","","",""
"THE SINKING CTY","RM10","15","","","","","","","","","","","","","","","","","","","","","","",""
"THE SISTERS : PARTY OF THE YEAR","RM5","8","","","","","","","","","","","","","","","","","","","","","","",""
"THE SMURFS : MISSION VILEAF SMURFTASTIC","RM5","8","","","","","","","","","","","","","","","","","","","","","","",""
"THE SOJOURN","RM10","15","","","","","","","","","","","","","","","","","","","","","","",""
"THE SURGE","RM5","8","","","","","","","","","","","","","","","","","","","","","","",""
"THE SURGE 2 LIMITED","RM5","8","","","","","","","","","","","","","","","","","","","","","","",""
"THE SURVIVALISTS","RM10","15","","","","","","","","","","","","","","","","","","","","","","",""
"THE TALOS PRINCIPLE : DELUXE EDITION","RM5","8","","","","","","","","","","","","","","","","","","","","","","",""
"THE TECHNOMANCER","RM5","8","","","","","","","","","","","","","","","","","","","","","","",""
"THE TEXAS CHAIN SAW MASSACRE","RM20","30","","","","","","","","","","","","","","","","","","","","","","",""
"THE UNICORN PRINCESS","RM5","8","","","","","","","","","","","","","","","","","","","","","","",""
"THE WALKING DEAD : A TELLTALE GAMES SERIES","RM15","20","","","","","","","","","","","","","","","","","","","","","","",""
"THE WALKING DEAD : A TELLTALE SERIES - FINAL SEASON","RM10","15","","","","","","","","","","","","","","","","","","","","","","",""
"THE WALKING DEAD A NEW FRONTIER","RM10","15","","","","","","","","","","","","","","","","","","","","","","",""
"THE WALKING DEAD ONSLAUGHT","RM15","20","","","","","","","","","","","","","","","","","","","","","","",""
"THE WALKING DEAD SEASON TWO","RM5","8","","","","","","","","","","","","","","","","","","","","","","",""
"THE WALKING DEAD THE COMPLETE FIRST SEASON","RM10","15","","","","","","","","","","","","","","","","","","","","","","",""
"THE WALKING DEAD THE FINAL SEASON","RM10","15","","","","","","","","","","","","","","","","","","","","","","",""
"THE WALKING DEAD THE TELLTALE DEFINITIVE SERIES","RM15","20","","","","","","","","","","","","","","","","","","","","","","",""
"THE WILD AT HEART","RM10","15","","","","","","","","","","","","","","","","","","","","","","",""
"THE WITCH AND THE HUNDRED KNIGHT 2","RM15","20","","","","","","","","","","","","","","","","","","","","","","",""
"THE WITCHER 3 WILD HUNT","RM5","8","","","","","","","","","","","","","","","","","","","","","","",""
"THE WITCHER 3 WILD HUNT COMPLETE ","RM20","30","","","","","","","","","","","","","","","","","","","","","","",""
"THE WIZARDS ENHANCED EDITION","RM5","8","","","","","","","","","","","","","","","","","","","","","","",""
"THE WOLF AMONG US","RM10","15","","","","","","","","","","","","","","","","","","","","","","",""
"THE WONDERFUL 101 : REMASTERED","RM10","15","","","","","","","","","","","","","","","","","","","","","","",""
"THEM'S FIGHTIN' HERDS DELUXE","RM15","20","","","","","","","","","","","","","","","","","","","","","","",""
"THIEF","RM5","8","","","","","","","","","","","","","","","","","","","","","","",""
"THIS IS THE POLICE","RM5","8","","","","","","","","","","","","","","","","","","","","","","",""
"THOSE WHO REMAIN","RM10","15","","","","","","","","","","","","","","","","","","","","","","",""
"TIME ON FROG ISLAND","RM10","15","","","","","","","","","","","","","","","","","","","","","","",""
"TIN AND KUNA ","RM10","15","","","","","","","","","","","","","","","","","","","","","","",""
"TINY TINA'S WONDERLANDS","RM15","20","","","","","","","","","","","","","","","","","","","","","","",""
"TINY TROOPERS : JOINT OPS","RM5","8","","","","","","","","","","","","","","","","","","","","","","",""
"TITAN QUEST ","RM5","8","","","","","","","","","","","","","","","","","","","","","","",""
"TITANFALL 2","RM5","8","","","","","","","","","","","","","","","","","","","","","","",""
"TOKYO 2020 OLYMPIC GAMES ","RM5","8","","","","","","","","","","","","","","","","","","","","","","",""
"TOKYO GHOUL : RE CALL TO EXIST (PS4/R4/ENG)","RM15","20","","","","","","","","","","","","","","","","","","","","","","",""
"TOKYO TWILIGHT GHOST HUNTERS DAYBREAK SPECIAL GIGS WORLD TOUR","RM5","8","","","","","","","","","","","","","","","","","","","","","","",""
"TOKYO XANADU EX+","RM10","15","","","","","","","","","","","","","","","","","","","","","","",""
"TOM CLANCY GHOST RECON BREAKPOINT","RM10","15","","","","","","","","","","","","","","","","","","","","","","",""
"TOM CLANCY'S GHOST RECON WILDLANDS","RM5","8","","","","","","","","","","","","","","","","","","","","","","",""
"TOM CLANCY'S RAINBOW SIX EXTRACTION","RM10","15","","","","","","","","","","","","","","","","","","","","","","",""
"TOM CLANCY'S RAINBOW SIX SIEGE","RM3","5","","","","","","","","","","","","","","","","","","","","","","",""
"TOM CLANCY'S THE DIVISION","RM3","5","","","","","","","","","","","","","","","","","","","","","","",""
"TOM CLANCY'S THE DIVISION 2","RM3","5","","","","","","","","","","","","","","","","","","","","","","",""
"TOMB RAIDER DEFINITIVE EDITION","RM5","8","","","","","","","","","","","","","","","","","","","","","","",""
"TONY HAWK'S PRO SKATER 1 AND 2","RM10","15","","","","","","","","","","","","","","","","","","","","","","",""
"TONY HAWK'S PRO SKATER 5","RM10","15","","","","","","","","","","","","","","","","","","","","","","",""
"TONY STEWART'S ALL AMERICAN RACING","RM5","8","","","","","","","","","","","","","","","","","","","","","","",""
"TORMENT TIDES OF NUMENERA","RM10","30","","","","","","","","","","","","","","","","","","","","","","",""
"TORMENTED SOULS","RM15","20","","","","","","","","","","","","","","","","","","","","","","",""
"TOUHOU GENSO RONDO BULLET BALLET","RM15","20","","","","","","","","","","","","","","","","","","","","","","",""
"TOUHOU GENSO WANDERER","RM10","15","","","","","","","","","","","","","","","","","","","","","","",""
"TOUHOU KOBUTO 5 BURST BATTLE","RM10","15","","","","","","","","","","","","","","","","","","","","","","",""
"TOUKIDEN 2","RM5","8","","","","","","","","","","","","","","","","","","","","","","",""
"TOUKIDEN KIWAMI","RM5","8","","","","","","","","","","","","","","","","","","","","","","",""
"TOUR DE FRANCE 2022","RM15","20","","","","","","","","","","","","","","","","","","","","","","",""
"TOY SOLDIER WAR CHEST","RM10","15","","","","","","","","","","","","","","","","","","","","","","",""
"TRACKMANIA TURBO","RM10","15","","","","","","","","","","","","","","","","","","","","","","",""
"TRAILBLAZERS","RM5","8","","","","","","","","","","","","","","","","","","","","","","",""
"TRAIN SIM WORLD     ","RM5","8","","","","","","","","","","","","","","","","","","","","","","",""
"TRAIN SIM WORLD 2  ","RM5","8","","","","","","","","","","","","","","","","","","","","","","",""
"TRAIN SIM WORLD 2020 COLLECTOR'S","RM5","8","","","","","","","","","","","","","","","","","","","","","","",""
"TRANSFORMERS : BATTLEGROUNDS ","RM10","15","","","","","","","","","","","","","","","","","","","","","","",""
"TRANSFORMERS DEVASTATION","RM10","15","","","","","","","","","","","","","","","","","","","","","","",""
"TRANSFORMERS RISE OF THE DARK SPARK","RM10","15","","","","","","","","","","","","","","","","","","","","","","",""
"TREASURES OF THE AEGEAN","RM10","15","","","","","","","","","","","","","","","","","","","","","","",""
"TREK TO YOMI","RM5","8","","","","","","","","","","","","","","","","","","","","","","",""
"TRIALS FUSION","RM3","5","","","","","","","","","","","","","","","","","","","","","","",""
"TRIALS OF MANA","RM10","15","","","","","","","","","","","","","","","","","","","","","","",""
"TRIALS RISING","RM5","8","","","","","","","","","","","","","","","","","","","","","","",""
"TRIBES OF MIDGARD DELUXE","RM5","8","","","","","","","","","","","","","","","","","","","","","","",""
"TRICKY TOWERS","RM5","8","","","","","","","","","","","","","","","","","","","","","","",""
"TRINE : ULTIMATE COLLECTION","RM5","8","","","","","","","","","","","","","","","","","","","","","","",""
"TRINITY TRIGGER","RM20","30","","","","","","","","","","","","","","","","","","","","","","",""
"TROLL & I","RM3","5","","","","","","","","","","","","","","","","","","","","","","",""
"TROLLHUNTERS : DEFENDERS OF ARCADIA","RM5","8","","","","","","","","","","","","","","","","","","","","","","",""
"TROPICO 5","RM3","5","","","","","","","","","","","","","","","","","","","","","","",""
"TROPICO 5 COMPLETE","RM5","8","","","","","","","","","","","","","","","","","","","","","","",""
"TROPICO 6","RM5","8","","","","","","","","","","","","","","","","","","","","","","",""
"TROVER SAVES THE UNIVERSE","RM5","8","","","","","","","","","","","","","","","","","","","","","","",""
"TRUCK DRIVER","RM20","30","","","","","","","","","","","","","","","","","","","","","","",""
"TRUCK RACING CHAMPIONSHIP","RM10","15","","","","","","","","","","","","","","","","","","","","","","",""
"TT ISLE OF MAN : RIDE ON THE EDGE","RM10","15","","","","","","","","","","","","","","","","","","","","","","",""
"TUMBLESTONE","RM5","8","","","","","","","","","","","","","","","","","","","","","","",""
"TUROK 3: SHADOW OF OBLIVION REMASTERED","RM15","20","","","","","","","","","","","","","","","","","","","","","","",""
"TWO POINT CAMPUS","RM10","15","","","","","","","","","","","","","","","","","","","","","","",""
"TWO POINT HOSPITAL","RM10","15","","","","","","","","","","","","","","","","","","","","","","",""
"TY THE TASMANIAN TIGER HD","RM10","15","","","","","","","","","","","","","","","","","","","","","","",""
"UGLYDOLLS IMPERFECT ADVENTURE","RM5","8","","","","","","","","","","","","","","","","","","","","","","",""
"ULTIMATE MARVEL VS CAPCOM 3","RM20","30","","","","","","","","","","","","","","","","","","","","","","",""
"ULTRA AGE","RM10","15","","","","","","","","","","","","","","","","","","","","","","",""
"UNBOX : NEWBIE'S ADVENTURE","RM5","8","","","","","","","","","","","","","","","","","","","","","","",""
"UNCHARTED 3 DRAKE'S DECEPTION REMASTERED","RM10","15","","","","","","","","","","","","","","","","","","","","","","",""
"UNCHARTED 4 A THIEF'S END","RM20","30","","","","","","","","","","","","","","","","","","","","","","",""
"UNCHARTED THE LOST LEGACY","RM10","15","","","","","","","","","","","","","","","","","","","","","","",""
"UNCHARTED THE NATHAN DRAKE COLLECTION","RM35","50","","","","","","","","","","","","","","","","","","","","","","",""
"UNDER NIGHT IN-BIRTH EXE : LATE","RM10","15","","","","","","","","","","","","","","","","","","","","","","",""
"UNDERNAUTS : LABYRINTH OF YOMI","RM20","30","","","","","","","","","","","","","","","","","","","","","","",""
"UNTIL DAWN","RM10","15","","","","","","","","","","","","","","","","","","","","","","",""
"UNTIL DAWN : RUSH OF BLOOD VR","","","","","","","","","","","","","","","","","","","","","","","","",""
"UNTITLED GOOSE GAME","RM15","20","","","","","","","","","","","","","","","","","","","","","","",""
"UTAWARERUMONO : ZAN","RM15","20","","","","","","","","","","","","","","","","","","","","","","",""
"UTAWARERUMONO MASK OF DECEPTION","RM10","15","","","","","","","","","","","","","","","","","","","","","","",""
"UTAWARERUMONO MASK OF TRUTH","RM10","15","","","","","","","","","","","","","","","","","","","","","","",""
"V-RALLY 4","RM5","8","","","","","","","","","","","","","","","","","","","","","","",""
"VADER IMMORTAL : A STAR WARS VR SERIES","","","","","","","","","","","","","","","","","","","","","","","","",""
"VALENTINO ROSSI THE GAME","RM0","0","","","","","","","","","","","","","","","","","","","","","","",""
"VALFARIS  ","RM10","15","","","","","","","","","","","","","","","","","","","","","","",""
"VALHALLA HILLS","RM5","8","","","","","","","","","","","","","","","","","","","","","","",""
"VALKYRIA : AZURE REVOLUTION","RM5","8","","","","","","","","","","","","","","","","","","","","","","",""
"VALKYRIA : REVOLUTION","RM5","8","","","","","","","","","","","","","","","","","","","","","","",""
"VALKYRIA CHRONICLES 4","RM10","15","","","","","","","","","","","","","","","","","","","","","","",""
"VALKYRIA CHRONICLES REMASTER","RM10","15","","","","","","","","","","","","","","","","","","","","","","",""
"VALKYRIE ELYSIUM","RM10","15","","","","","","","","","","","","","","","","","","","","","","",""
"VALTHIRIAN ARC HERO SCHOOL STORY STEEL CASE EDITION","RM0","0","","","","","","","","","","","","","","","","","","","","","","",""
"VALTHIRIAN ARC HERO SCHOOL STORY  ","RM5","8","","","","","","","","","","","","","","","","","","","","","","",""
"VAMPIRE : THE MASQUERADE SWANSONG","RM10","15","","","","","","","","","","","","","","","","","","","","","","",""
"VAMPYR","RM15","20","","","","","","","","","","","","","","","","","","","","","","",""
"VEGAS PARTY","RM10","15","","","","","","","","","","","","","","","","","","","","","","",""
"VELOCITY 2X : CRITICAL MASS EDITION","RM5","8","","","","","","","","","","","","","","","","","","","","","","",""
"VENUS VACATION PRISM - DEAD OR ALIVE XTREME","RM25","35","","","","","","","","","","","","","","","","","","","","","","",""
"VICTOR VRAN","RM5","8","","","","","","","","","","","","","","","","","","","","","","",""
"VOID BASTARDS","RM5","8","","","","","","","","","","","","","","","","","","","","","","",""
"VR ARK PARK","","","","","","","","","","","","","","","","","","","","","","","","",""
"VR ASTRO BOT RESCUE MISSION","","","","","","","","","","","","","","","","","","","","","","","","",""
"VR BATMAN : ARKHAM","","","","","","","","","","","","","","","","","","","","","","","","",""
"VR BATMAN ARKHAM VR","","","","","","","","","","","","","","","","","","","","","","","","",""
"VR BATTLEZONE","","","","","","","","","","","","","","","","","","","","","","","","",""
"VR BLOOD AND TRUTH","","","","","","","","","","","","","","","","","","","","","","","","",""
"VR BOX","","","","","","","","","","","","","","","","","","","","","","","","",""
"VR BRAVO TEAM","","","","","","","","","","","","","","","","","","","","","","","","",""
"VR DERACINE","","","","","","","","","","","","","","","","","","","","","","","","",""
"VR DOOM 3","","","","","","","","","","","","","","","","","","","","","","","","",""
"VR DRIVECLUB","","","","","","","","","","","","","","","","","","","","","","","","",""
"VR EAGLE FLIGHT","","","","","","","","","","","","","","","","","","","","","","","","",""
"VR EVERYBODY'S GOLF","","","","","","","","","","","","","","","","","","","","","","","","",""
"VR EVERYBODY'S GOLF VR","","","","","","","","","","","","","","","","","","","","","","","","",""
"VR FARPOINT","","","","","","","","","","","","","","","","","","","","","","","","",""
"VR FIREWALL ZERO HOUR","","","","","","","","","","","","","","","","","","","","","","","","",""
"VR GUNGRAVE","","","","","","","","","","","","","","","","","","","","","","","","",""
"VR IRONMAN","","","","","","","","","","","","","","","","","","","","","","","","",""
"VR KARTS","","","","","","","","","","","","","","","","","","","","","","","","",""
"VR LOADING HUMAN CHAPTER 1 (RALL/ENG)","","","","","","","","","","","","","","","","","","","","","","","","",""
"VR MARVEL'S IRON MAN","","","","","","","","","","","","","","","","","","","","","","","","",""
"VR NO HERO ALLOWED","","","","","","","","","","","","","","","","","","","","","","","","",""
"VR PING PONG PRO","","","","","","","","","","","","","","","","","","","","","","","","",""
"VR PLAYSTATION VR WORLDS","","","","","","","","","","","","","","","","","","","","","","","","",""
"VR RIGS: MECHANIZED COMBAT LEAGUE","","","","","","","","","","","","","","","","","","","","","","","","",""
"VR SAIRENTO","","","","","","","","","","","","","","","","","","","","","","","","",""
"VR STAR TREK BRIDGE CREW","","","","","","","","","","","","","","","","","","","","","","","","",""
"VR SUMMER LESSON","","","","","","","","","","","","","","","","","","","","","","","","",""
"VR TETRIS EFFECT","","","","","","","","","","","","","","","","","","","","","","","","",""
"VR THE ELDER SCROLLS V SKYRIM","","","","","","","","","","","","","","","","","","","","","","","","",""
"VR UNTIL DAWN RUSH OF BLOOD","","","","","","","","","","","","","","","","","","","","","","","","",""
"VR WORLDS","","","","","","","","","","","","","","","","","","","","","","","","",""
"WARBORN","RM5","8","","","","","","","","","","","","","","","","","","","","","","",""
"WARGROOVE","RM10","15","","","","","","","","","","","","","","","","","","","","","","",""
"WARHAMMER : CHAOSBANE","RM5","8","","","","","","","","","","","","","","","","","","","","","","",""
"WARHAMMER : VERMINTIDE 2","RM5","8","","","","","","","","","","","","","","","","","","","","","","",""
"WARHAMMER 40000 DEATHWATCH","RM5","8","","","","","","","","","","","","","","","","","","","","","","",""
"WARHAMMER 40000 INQUISITOR MARTYR","RM10","15","","","","","","","","","","","","","","","","","","","","","","",""
"WARHAMMER 40000 MECHANICUS","RM10","15","","","","","","","","","","","","","","","","","","","","","","",""
"WARHAMMER THE END TIMES VERMINTIDE","RM5","8","","","","","","","","","","","","","","","","","","","","","","",""
"WARRIORS ALL STARS","RM10","15","","","","","","","","","","","","","","","","","","","","","","",""
"WARRIORS OROCHI 3 ULTIMATE","RM3","5","","","","","","","","","","","","","","","","","","","","","","",""
"WARRIORS OROCHI 4","RM10","15","","","","","","","","","","","","","","","","","","","","","","",""
"WASTELAND 2 DIRECTOR'S CUT","RM10","15","","","","","","","","","","","","","","","","","","","","","","",""
"WASTELAND 3","RM10","15","","","","","","","","","","","","","","","","","","","","","","",""
"WATCH DOGS","RM3","5","","","","","","","","","","","","","","","","","","","","","","",""
"WATCH DOGS 2","RM3","5","","","","","","","","","","","","","","","","","","","","","","",""
"WATCH DOGS LEGION RESISTANCE EDITION","RM5","8","","","","","","","","","","","","","","","","","","","","","","",""
"WE HAPPY FEW","RM5","8","","","","","","","","","","","","","","","","","","","","","","",""
"WEREWOLF : THE APOCALYPSE EARTHBLOOD","RM5","8","","","","","","","","","","","","","","","","","","","","","","",""
"WHERE THE HEART LEADS","RM5","8","","","","","","","","","","","","","","","","","","","","","","",""
"WHITEDAY","RM5","8","","","","","","","","","","","","","","","","","","","","","","",""
"WHO WANTS TO BE A MILLIONAIRE? 2020","RM5","8","","","","","","","","","","","","","","","","","","","","","","",""
"WILD GUNS RELOADED","RM10","15","","","","","","","","","","","","","","","","","","","","","","",""
"WILL : A WONDERFUL WORLD","RM5","8","","","","","","","","","","","","","","","","","","","","","","",""
"WIPEOUT OMEGA COLLECTION","RM10","15","","","","","","","","","","","","","","","","","","","","","","",""
"WO LONG : FALLEN DYNASTY","RM20","30","","","","","","","","","","","","","","","","","","","","","","",""
"WOLFENSTEIN : CYBERPILOT","RM10","15","","","","","","","","","","","","","","","","","","","","","","",""
"WOLFENSTEIN 2 THE NEW COLOSSUS","RM5","8","","","","","","","","","","","","","","","","","","","","","","",""
"WOLFENSTEIN THE OLD BLOOD","RM5","8","","","","","","","","","","","","","","","","","","","","","","",""
"WOLFENSTEIN THE TWO PACK","RM10","15","","","","","","","","","","","","","","","","","","","","","","",""
"WOLFENSTEIN YOUNG BLOOD","RM3","5","","","","","","","","","","","","","","","","","","","","","","",""
"WOLFENSTEIN: THE NEW ORDER","RM3","5","","","","","","","","","","","","","","","","","","","","","","",""
"WONDER BOY : ASHA IN MONSTER WORLD","RM15","20","","","","","","","","","","","","","","","","","","","","","","",""
"WORDHUNTERS ","RM3","5","","","","","","","","","","","","","","","","","","","","","","",""
"WORLD OF FINAL FANTASY","RM5","8","","","","","","","","","","","","","","","","","","","","","","",""
"WORLD OF SIMULATORS","RM10","15","","","","","","","","","","","","","","","","","","","","","","",""
"WORLD OF WARSHIPS : LEGENDS FIREPOWER DELUXE EDITION","RM0","0","","","","","","","","","","","","","","","","","","","","","","",""
"WORLD POKER CHAMPIONSHIP","RM5","8","","","","","","","","","","","","","","","","","","","","","","",""
"WORLD QUIZ","RM10","15","","","","","","","","","","","","","","","","","","","","","","",""
"WORLD TO THE WEST","RM5","8","","","","","","","","","","","","","","","","","","","","","","",""
"WORLD WAR Z","RM5","8","","","","","","","","","","","","","","","","","","","","","","",""
"WORLD WAR Z : AFTERMATH","RM10","15","","","","","","","","","","","","","","","","","","","","","","",""
"WORMS BATTLEGROUNDS","RM10","15","","","","","","","","","","","","","","","","","","","","","","",""
"WORMS BATTLEGROUNDS + WORMS WMD","RM20","30","","","","","","","","","","","","","","","","","","","","","","",""
"WORMS RUMBLE FULLY LOADED","RM5","8","","","","","","","","","","","","","","","","","","","","","","",""
"WORMS WMD ALL STARS","RM15","20","","","","","","","","","","","","","","","","","","","","","","",""
"WRC 5","","","","","","","","","","","","","","","","","","","","","","","","",""
"WRC 6","","","","","","","","","","","","","","","","","","","","","","","","",""
"WRC 7","","","","","","","","","","","","","","","","","","","","","","","","",""
"WRC 8","RM5","8","","","","","","","","","","","","","","","","","","","","","","",""
"WRC 9","RM10","15","","","","","","","","","","","","","","","","","","","","","","",""
"WRC 10","RM15","20","","","","","","","","","","","","","","","","","","","","","","",""
"WRC GENERATIONS","RM10","15","","","","","","","","","","","","","","","","","","","","","","",""
"WRECKFEST","RM15","20","","","","","","","","","","","","","","","","","","","","","","",""
"WUPPO","RM10","15","","","","","","","","","","","","","","","","","","","","","","",""
"WW1 : TANNENBERG - EASTERN FRONT","RM5","8","","","","","","","","","","","","","","","","","","","","","","",""
"WW1 : VERDUN - WESTERN FRONT","RM10","15","","","","","","","","","","","","","","","","","","","","","","",""
"WWE 2K BATTLEGROUND","","","","","","","","","","","","","","","","","","","","","","","","",""
"WWE 2K17","","","","","","","","","","","","","","","","","","","","","","","","",""
"WWE 2K18","","","","","","","","","","","","","","","","","","","","","","","","",""
"WWE 2K19","","","","","","","","","","","","","","","","","","","","","","","","",""
"WWE 2K20","RM10","15","","","","","","","","","","","","","","","","","","","","","","",""
"WWE 2K22 ","RM10","15","","","","","","","","","","","","","","","","","","","","","","",""
"WWE 2K23","RM20","30","","","","","","","","","","","","","","","","","","","","","","",""
"WWE 2K24","RM25","35","","","","","","","","","","","","","","","","","","","","","","",""
"WWE 2K25","RM40","55","","","","","","","","","","","","","","","","","","","","","","",""
"X-MORPH: DEFENSE COMPLETE EDITION (R3/ENG/CHN)","RM0","0","","","","","","","","","","","","","","","","","","","","","","",""
"XCOM 2","RM5","8","","","","","","","","","","","","","","","","","","","","","","",""
"XCOM 2 COLLECTION","RM5","8","","","","","","","","","","","","","","","","","","","","","","",""
"XENON RACER","RM5","8","","","","","","","","","","","","","","","","","","","","","","",""
"XIII","RM5","8","","","","","","","","","","","","","","","","","","","","","","",""
"XUAN YUAN SWORD THE GATE OF FIRMAMENT","RM3","5","","","","","","","","","","","","","","","","","","","","","","",""
"YAKUZA : LIKE A DRAGONS","RM10","15","","","","","","","","","","","","","","","","","","","","","","",""
"YAKUZA 5","RM10","15","","","","","","","","","","","","","","","","","","","","","","",""
"YAKUZA 6 THE SONGS OF LIFE / RYU GA GOTOKU 6 INOCHI NO UTA","RM10","15","","","","","","","","","","","","","","","","","","","","","","",""
"YAKUZA 7 (CHN)","RM10","15","","","","","","","","","","","","","","","","","","","","","","",""
"YAKUZA ISHIN / RYU GA GOTOKU ISHIN (JPN)","RM10","15","","","","","","","","","","","","","","","","","","","","","","",""
"YAKUZA KIWAMI / RYU GA GOTOKU KIWAMI","RM10","15","","","","","","","","","","","","","","","","","","","","","","",""
"YAKUZA KIWAMI 2 / RYU GA GOTOKU KIWAMI 2","RM10","15","","","","","","","","","","","","","","","","","","","","","","",""
"YAKUZA REMASTERED COLLECTION","RM15","20","","","","","","","","","","","","","","","","","","","","","","",""
"YAKUZA ZERO / RYU GA GOTOKU ZERO","RM10","15","","","","","","","","","","","","","","","","","","","","","","",""
"YESTERDAY ORIGINS","RM10","15","","","","","","","","","","","","","","","","","","","","","","",""
"YOKU'S ISLAND EXPRESS","RM5","8","","","","","","","","","","","","","","","","","","","","","","",""
"YOMAWARI MIDNIGHT SHADOWS","RM10","15","","","","","","","","","","","","","","","","","","","","","","",""
"YONDER : THE CLOUD CATCHER CHRONICLES","RM5","8","","","","","","","","","","","","","","","","","","","","","","",""
"YOOKA-LAYLEE","RM5","8","","","","","","","","","","","","","","","","","","","","","","",""
"YOOKA-LAYLEE AND THE IMPOSSIBLE LAIR","RM5","8","","","","","","","","","","","","","","","","","","","","","","",""
"YORUNONAIKUNI","RM15","20","","","","","","","","","","","","","","","","","","","","","","",""
"YOUTUBERS LIFE 2","RM5","8","","","","","","","","","","","","","","","","","","","","","","",""
"YOUTUBERS LIFE OMG","RM0","0","","","","","","","","","","","","","","","","","","","","","","",""
"YS IX: MONSTRUM NOX PACT","RM20","30","","","","","","","","","","","","","","","","","","","","","","",""
"YS ORIGIN","RM3","5","","","","","","","","","","","","","","","","","","","","","","",""
"YS V3 LACRIMOSA OF DANA","RM15","20","","","","","","","","","","","","","","","","","","","","","","",""
"YURUKILL : THE CALUMNIATION GAMES","RM10","15","","","","","","","","","","","","","","","","","","","","","","",""
"ZANKI ZERO: LAST BEGINNING","RM10","15","","","","","","","","","","","","","","","","","","","","","","",""
"ZERO ESCAPE TIME DILEMMA","RM15","20","","","","","","","","","","","","","","","","","","","","","","",""
"ZERO ESCAPE: THE NONARY GAMES","RM10","15","","","","","","","","","","","","","","","","","","","","","","",""
"ZOMBI","RM3","5","","","","","","","","","","","","","","","","","","","","","","",""
"ZOMBIE ARMY 4 : DEAD WAR","RM15","20","","","","","","","","","","","","","","","","","","","","","","",""
"ZOMBIE ARMY TRILOGY","RM10","15","","","","","","","","","","","","","","","","","","","","","","",""
"ZOMBIE VIKINGS","RM5","8","","","","","","","","","","","","","","","","","","","","","","",""
"ZOMBIELAND DOUBLE TAP ROADTRIP","RM10","15","","","","","","","","","","","","","","","","","","","","","","",""
"ZONE OF THE ENDERS : THE 2ND RUNNER","RM10","15","","","","","","","","","","","","","","","","","","","","","","",""
"ZORRO THE CHRONICLES","RM10","15","","","","","","","","","","","","","","","","","","","","","","",""